key,unique_orientations
16-4647,8
16-3625,8
16-18968,8
16-8548,8
16-4065,8
16-0254,8
16-3110,8
16-9363,8
16-6649,8
16-9093,8
16-6666,8
16-9624,8
16-0129,8
16-8896,8
16-6098,8
16-8961,8
16-5965,8
16-9739,8
16-9415,8
16-3219,8
16-6555,8
16-6979,4
16-6567,8
16-3809,8
16-0751,8
16-0735,4
16-0197,8
16-2434,8
16-6886,8
16-4938,8
16-2466,8
16-5201,4
16-12406,8
16-6144,8
16-5016,8
16-7142,8
16-0541,8
16-4968,8
16-7371,8
16-8021,8
16-4114,8
16-19278,8
16-6657,8
16-2785,8
16-0386,8
16-7561,8
16-19693,8
16-8957,8
16-0476,8
16-0088,4
16-2229,8
16-1471,8
16-3890,8
16-7777,8
16-6954,8
16-9173,8
16-6133,8
16-6899,8
16-7778,8
16-7025,8
16-7370,8
16-6721,8
16-3267,8
16-3637,8
16-6531,8
16-2536,8
16-0429,8
16-0086,8
16-2935,8
16-4741,8
16-5163,8
16-8860,8
16-0906,8
16-2332,8
16-2542,8
16-1693,8
16-4412,8
16-1921,8
16-2967,8
16-6948,8
16-0364,8
16-0223,8
16-2253,8
16-4655,8
16-5840,8
16-4476,8
16-0794,8
16-4510,8
16-0783,8
16-5038,8
16-8456,8
16-5282,8
16-7659,8
16-6917,8
16-4168,8
16-0260,8
16-8908,8
16-0112,8
16-0261,8
16-0270,8
16-6221,8
16-7873,8
16-9601,8
16-0868,8
16-7383,8
16-3100,8
16-3136,8
16-6443,8
16-8509,8
16-4078,8
16-0004,4
16-9056,8
16-19077,8
16-4064,8
16-9876,8
16-7284,8
16-6419,8
16-2644,8
16-9668,8
16-0840,8
16-8065,8
16-4043,8
16-1489,8
16-7160,8
16-4809,8
16-0200,8
16-2795,8
16-0093,8
16-9362,8
16-6722,8
16-6787,8
16-5693,8
16-4342,8
16-4017,8
16-18634,8
16-8951,8
16-5816,8
16-3195,8
16-5736,8
16-6952,8
16-7658,8
16-6538,8
16-7660,8
16-2634,8
16-7586,8
16-5167,8
16-5929,8
16-5432,8
16-9508,8
16-8914,8
16-8412,8
16-9344,8
16-4175,8
16-2860,8
16-9735,8
16-8788,8
16-0257,8
16-0509,8
16-3875,8
16-7976,8
16-0743,8
16-6776,8
16-9430,8
16-2191,8
16-13904,8
16-0282,8
16-8131,8
16-8818,8
16-6504,8
16-0798,8
16-5368,8
16-6508,8
16-5279,8
16-5362,8
16-7765,8
16-7796,8
16-4016,8
16-8091,8
16-6066,8
16-6157,8
16-3366,8
16-12341,8
16-7124,8
16-8766,8
16-9477,8
16-6458,8
16-6832,8
16-8181,8
16-8246,8
16-9071,8
16-3167,8
16-13205,8
16-2299,8
16-3362,8
16-7069,8
16-9713,8
16-5200,8
16-6360,8
16-8906,8
16-6324,8
16-8164,8
16-7766,8
16-9312,8
16-9375,8
16-18317,8
16-9338,8
16-5525,8
16-7806,8
16-9159,8
16-5988,8
16-5229,8
16-4216,8
16-8266,8
16-3265,8
16-8725,8
16-0397,8
16-7843,8
16-6612,8
16-2504,8
16-7401,8
16-8324,8
16-6186,8
16-3964,8
16-9069,8
16-8889,8
16-6487,8
16-9698,8
16-9144,8
16-9536,8
16-8323,8
16-9055,8
16-14080,8
16-0486,8
16-9046,8
16-6396,8
16-5536,8
16-3598,8
16-5472,8
16-2150,8
16-8693,8
16-7011,8
16-4586,8
16-6260,8
16-9496,8
16-9256,8
16-0774,8
16-4758,8
16-3395,8
16-0623,8
16-7191,8
16-8447,8
16-0106,8
16-0435,8
16-0345,8
16-1494,8
16-3009,8
16-7180,8
16-3804,8
16-0032,8
16-7128,8
16-3949,8
16-2835,8
16-7775,8
16-5169,8
16-7421,8
16-1576,8
16-7671,8
16-6835,8
16-5934,8
16-3182,8
16-2199,8
16-6759,8
16-3622,8
16-4461,8
16-7829,8
16-7737,8
16-3954,8
16-13554,8
16-5199,8
16-9831,8
16-0195,8
16-1752,8
16-2356,8
16-8072,8
16-17410,8
16-7463,8
16-4278,8
16-8678,8
16-6449,8
16-4730,8
16-7986,8
16-7712,8
16-8970,8
16-7573,8
16-4787,8
16-7133,8
16-7767,8
16-9742,8
16-2940,8
16-6843,8
16-9844,8
16-6191,8
16-1748,8
16-8336,8
16-4912,8
16-6431,8
16-9183,8
16-7963,8
16-6965,8
16-0762,8
16-8966,8
16-0656,8
16-1335,8
16-4532,8
16-7689,8
16-14789,8
16-2986,8
16-6600,8
16-13550,8
16-6812,8
16-8445,8
16-8367,8
16-2705,8
16-7582,8
16-2509,8
16-12243,8
16-9973,8
16-8130,8
16-6957,8
16-7270,8
16-7526,8
16-6347,8
16-9637,8
16-9249,8
16-7943,8
16-5806,8
16-7161,8
16-6587,8
16-9835,8
16-2152,8
16-3101,8
16-14991,8
16-19688,8
16-4547,8
16-0615,8
16-8041,8
16-2435,8
16-14297,8
16-7756,8
16-9522,8
16-19813,8
16-7323,8
16-3397,8
16-9122,8
16-4896,8
16-4489,8
16-5403,8
16-8768,8
16-8499,8
16-3270,8
16-2493,8
16-6134,8
16-6480,8
16-0596,8
16-7184,8
16-5893,8
16-3902,8
16-9860,8
16-7473,8
16-8487,8
16-8584,8
16-4816,4
16-3681,8
16-5227,8
16-6594,8
16-4434,2
16-2441,8
16-3376,8
16-2068,8
16-4999,8
16-8858,8
16-6440,8
16-7863,8
16-6486,8
16-9730,8
16-8034,8
16-19456,8
16-7271,8
16-6997,8
16-17686,8
16-14378,8
16-5430,8
16-3568,8
16-6489,8
16-1790,8
16-7960,8
16-6928,8
16-5426,8
16-6637,8
16-6348,8
16-2919,8
16-5242,8
16-9578,8
16-14762,8
16-9157,8
16-8695,8
16-6048,8
16-8086,8
16-1771,8
16-8017,8
16-9244,8
16-8520,8
16-5208,4
16-2844,8
16-6941,8
16-17053,8
16-17604,8
16-9474,8
16-9336,8
16-0003,8
16-0927,8
16-2962,8
16-0425,8
16-4834,8
16-3082,8
16-0253,8
16-0688,8
16-8112,8
16-9646,8
16-1983,8
16-0297,8
16-7137,8
16-5554,8
16-6327,8
16-0136,8
16-0579,8
16-2086,8
16-1495,8
16-0037,8
16-2663,8
16-2323,8
16-0234,8
16-2096,8
16-3722,8
16-4501,8
16-4754,8
16-5755,8
16-3131,8
16-0694,8
16-5412,8
16-5559,8
16-7600,8
16-0755,8
16-2583,8
16-3046,8
16-6712,8
16-0970,8
16-7913,8
16-1557,8
16-4189,8
16-0432,8
16-0879,8
16-4735,8
16-0207,8
16-0166,8
16-6888,8
16-7087,8
16-9215,8
16-7103,8
16-6905,8
16-5109,8
16-4377,8
16-0069,8
16-5702,8
16-8027,8
16-0564,8
16-0139,8
16-1705,8
16-4014,8
16-2614,8
16-2768,8
16-1760,8
16-0622,8
16-0224,8
16-0573,8
16-0050,8
16-3829,8
16-3535,8
16-0802,8
16-0402,8
16-1326,8
16-5342,8
16-5731,8
16-0567,8
16-2613,8
16-0475,8
16-5097,8
16-6063,8
16-6220,8
16-2138,8
16-0633,8
16-8105,8
16-3618,8
16-2558,8
16-2235,8
16-0803,8
16-5563,8
16-6822,8
16-4893,8
16-1484,8
16-6250,8
16-1829,8
16-0023,8
16-0137,8
16-7692,8
16-1202,8
16-4049,8
16-0880,8
16-3656,8
16-3072,8
16-7646,8
16-4567,8
16-7435,8
16-5009,8
16-6432,8
16-1017,8
16-3108,8
16-5357,8
16-3788,8
16-7533,8
16-0265,8
16-8319,8
16-9434,8
16-6495,8
16-6644,8
16-0291,8
16-0150,8
16-1957,8
16-0544,8
16-0473,8
16-8291,8
16-8199,8
16-1782,8
16-8313,8
16-5438,8
16-5705,8
16-3317,8
16-4218,8
16-4492,8
16-14784,8
16-2025,8
16-7797,8
16-5204,8
16-14234,8
16-5583,8
16-8559,8
16-3599,8
16-6096,8
16-0884,8
16-2069,8
16-0551,8
16-19408,8
16-2252,8
16-6565,8
16-9510,8
16-19881,8
16-3374,8
16-6460,8
16-5374,8
16-9413,8
16-2101,8
16-4241,8
16-4253,8
16-5413,8
16-6642,8
16-9783,8
16-8383,8
16-5595,8
16-6521,8
16-5192,8
16-19712,8
16-8663,8
16-5811,8
16-7223,8
16-9406,8
16-0627,8
16-2521,8
16-1406,8
16-4453,8
16-3226,8
16-0180,8
16-3200,8
16-0684,8
16-1505,8
16-4878,8
16-5688,8
16-0154,8
16-2983,8
16-8407,8
16-3175,8
16-7297,8
16-8528,8
16-6628,8
16-3935,8
16-8960,8
16-4376,8
16-0923,8
16-0603,8
16-7991,8
16-8284,8
16-4619,8
16-4839,8
16-6718,8
16-4805,8
16-8331,8
16-3926,8
16-3673,8
16-4541,8
16-9695,8
16-5973,8
16-7359,8
16-4056,8
16-4367,8
16-7772,8
16-3076,8
16-5292,8
16-5383,8
16-5775,8
16-5516,8
16-9086,8
16-9271,8
16-7452,8
16-6803,8
16-9348,8
16-6522,8
16-3892,8
16-4207,8
16-2421,8
16-14282,4
16-4889,8
16-6993,8
16-7427,8
16-5776,8
16-9289,8
16-4804,8
16-5216,8
16-3896,8
16-7953,8
16-0487,8
16-0070,4
16-5895,8
16-3162,8
16-7078,8
16-3199,8
16-3102,8
16-2306,8
16-3740,8
16-19621,8
16-2540,8
16-9838,8
16-4981,8
16-4795,8
16-6436,8
16-8891,8
16-8197,8
16-2398,8
16-7885,8
16-9265,8
16-4284,8
16-6682,8
16-1466,8
16-2479,8
16-4235,8
16-4985,8
16-7471,8
16-3242,8
16-3391,8
16-3055,8
16-1592,8
16-7004,8
16-8350,8
16-0054,8
16-0184,8
16-0714,8
16-0353,8
16-3514,8
16-3234,8
16-3930,8
16-2711,8
16-6478,8
16-3484,8
16-6761,8
16-1669,8
16-5259,8
16-19651,8
16-6769,8
16-7076,8
16-6850,8
16-9511,8
16-3813,8
16-5678,8
16-3181,8
16-3253,8
16-5228,8
16-8176,8
16-6082,8
16-0733,8
16-7853,8
16-4687,8
16-3967,8
16-5080,8
16-6469,8
16-19055,8
16-8615,8
16-9339,8
16-0746,8
16-5165,8
16-3364,8
16-3036,8
16-18319,8
16-7254,8
16-9808,8
16-18422,8
16-9488,8
16-2376,8
16-8697,8
16-2830,8
16-6797,8
16-9262,8
16-8672,8
16-2000,8
16-8030,8
16-2216,8
16-5794,8
16-8012,8
16-4725,8
16-7114,8
16-1063,8
16-2265,8
16-3936,8
16-6632,8
16-5083,8
16-8417,8
16-5343,8
16-4194,8
16-5946,8
16-7826,8
16-9733,8
16-9666,8
16-5593,8
16-8767,8
16-9555,8
16-3643,8
16-19890,8
16-0222,8
16-3883,8
16-3769,8
16-5463,8
16-3641,8
16-7978,8
16-4430,8
16-8595,8
16-3170,8
16-7438,8
16-7178,8
16-4854,8
16-7213,8
16-7235,8
16-7349,8
16-4509,8
16-6488,8
16-6714,8
16-7499,8
16-3466,8
16-8583,8
16-7230,8
16-8700,8
16-6715,4
16-13961,8
16-9471,8
16-18995,8
16-8493,8
16-8375,8
16-5558,8
16-6105,8
16-7332,8
16-9975,8
16-4093,8
16-7592,8
16-6241,8
16-7026,8
16-2165,8
16-5491,8
16-4171,8
16-5341,8
16-5712,8
16-0844,8
16-5451,8
16-3698,8
16-9937,8
16-11579,8
16-9830,8
16-5747,8
16-2727,8
16-19678,8
16-4683,8
16-9813,4
16-4397,8
16-6548,8
16-12961,8
16-9369,8
16-9772,8
16-8117,8
16-4885,8
16-17606,8
16-6078,8
16-0007,8
16-5288,8
16-9919,8
16-0371,8
16-0427,8
16-8639,8
16-3250,8
16-7343,8
16-4147,8
16-4679,8
16-7606,8
16-7669,8
16-7233,8
16-9577,8
16-4712,8
16-8899,8
16-8120,8
16-3292,8
16-4254,8
16-6575,8
16-9562,8
16-8594,8
16-7122,8
16-7663,8
16-19825,8
16-4596,8
16-8332,8
16-8279,8
16-8535,8
16-7200,8
16-5837,8
16-8838,8
16-4315,8
16-7891,8
16-6453,8
16-6030,8
16-9326,8
16-7469,8
16-6456,8
16-8103,8
16-12487,8
16-18784,8
16-0559,8
16-0409,8
16-2606,8
16-0501,8
16-0491,8
16-1269,8
16-0060,8
16-0390,8
16-4220,8
16-5460,8
16-5106,8
16-0550,8
16-7599,8
16-4927,8
16-1703,8
16-9940,8
16-6053,8
16-5116,8
16-5409,8
16-6312,8
16-9083,8
16-7865,8
16-3438,8
16-0459,8
16-0724,8
16-3188,8
16-2845,8
16-0872,8
16-0858,8
16-4300,8
16-0311,8
16-9500,8
16-9334,8
16-3992,8
16-2937,8
16-8195,8
16-0986,8
16-7094,8
16-4372,8
16-4141,8
16-8389,8
16-0033,8
16-9628,8
16-0994,8
16-0644,8
16-2948,8
16-1329,8
16-6635,8
16-4630,8
16-0886,8
16-2012,8
16-8491,8
16-0165,8
16-0228,8
16-1745,8
16-0862,8
16-3477,8
16-6740,8
16-0988,8
16-3093,8
16-4197,8
16-2695,8
16-0706,8
16-0701,8
16-0105,8
16-5391,8
16-1735,8
16-0294,8
16-0182,8
16-0100,8
16-0730,8
16-0416,8
16-2172,8
16-0255,8
16-1350,8
16-1077,8
16-2004,8
16-0303,8
16-0962,8
16-1462,8
16-4316,8
16-3840,8
16-2358,8
16-2956,8
16-3753,8
16-3866,8
16-1534,8
16-2256,8
16-0946,8
16-1924,8
16-3486,8
16-14676,8
16-18430,8
16-3639,8
16-2022,8
16-3838,8
16-1769,8
16-9416,8
16-4801,8
16-9756,8
16-4157,8
16-7001,8
16-0940,8
16-4208,8
16-3588,8
16-6545,8
16-3548,8
16-0442,8
16-2872,8
16-6073,4
16-3061,8
16-0639,8
16-3494,8
16-2186,8
16-1850,8
16-17450,8
16-2467,8
16-2364,8
16-5034,8
16-0413,8
16-6725,8
16-5648,8
16-4831,4
16-6457,8
16-5609,8
16-5042,8
16-0372,8
16-2941,8
16-3147,8
16-6987,8
16-9848,8
16-8391,8
16-8500,8
16-5082,8
16-6583,8
16-9780,8
16-2976,8
16-6050,8
16-0952,8
16-7952,8
16-5360,8
16-2714,8
16-0191,8
16-8534,8
16-3880,8
16-0712,8
16-5047,8
16-0814,8
16-9479,8
16-5537,8
16-7594,8
16-4926,8
16-3224,8
16-4130,8
16-1528,8
16-1857,8
16-1611,8
16-6929,8
16-9232,8
16-9388,8
16-5925,8
16-9639,8
16-3189,8
16-1899,8
16-9528,8
16-7661,8
16-9535,8
16-9744,8
16-8799,8
16-5226,8
16-9398,8
16-9823,8
16-5992,8
16-8554,8
16-8761,8
16-2118,8
16-6949,8
16-6177,8
16-3828,8
16-5219,8
16-5649,8
16-9885,8
16-6700,8
16-8875,8
16-3118,8
16-4873,8
16-4869,8
16-4874,8
16-3942,8
16-8571,8
16-6223,8
16-6307,8
16-9337,8
16-1744,8
16-6978,8
16-6837,8
16-3520,8
16-6626,8
16-4581,8
16-5600,8
16-0626,8
16-19869,8
16-0978,8
16-1687,8
16-6311,8
16-6141,8
16-4836,8
16-4215,8
16-4717,8
16-3069,8
16-0469,8
16-5647,8
16-2349,8
16-7406,8
16-8087,8
16-6023,8
16-0537,8
16-7653,8
16-9932,8
16-9009,8
16-9139,8
16-8938,8
16-7751,8
16-4212,8
16-7498,8
16-1970,8
16-7768,8
16-1758,8
16-7638,8
16-5515,8
16-5495,8
16-5479,8
16-9451,8
16-4330,8
16-9566,8
16-2620,8
16-5865,8
16-5914,8
16-7358,8
16-4137,8
16-4584,8
16-6791,8
16-6058,8
16-0051,8
16-5214,8
16-3690,8
16-3140,8
16-5905,8
16-0588,8
16-2896,8
16-4920,8
16-0321,8
16-5663,8
16-4663,8
16-14974,8
16-7480,8
16-8813,8
16-1379,8
16-6103,8
16-7275,8
16-4391,8
16-7095,8
16-5232,8
16-3966,4
16-5575,8
16-7531,8
16-9003,8
16-8453,8
16-3891,8
16-3295,8
16-6633,8
16-7596,8
16-4091,8
16-8544,8
16-7442,8
16-1910,8
16-4951,8
16-0467,8
16-0866,8
16-7739,8
16-3500,8
16-0850,8
16-8518,8
16-9478,8
16-7062,8
16-6344,8
16-5881,8
16-8363,8
16-9446,8
16-2783,8
16-7084,8
16-13585,8
16-5839,8
16-7650,8
16-14712,8
16-4971,8
16-5764,8
16-4144,8
16-2943,8
16-8475,8
16-5209,8
16-5476,8
16-4006,8
16-5268,8
16-6523,8
16-9196,8
16-9147,8
16-6734,8
16-8118,8
16-9903,8
16-9538,8
16-8345,8
16-9801,8
16-8712,8
16-5659,8
16-9136,8
16-14892,8
16-6684,8
16-5713,8
16-7694,8
16-9977,8
16-6758,8
16-9818,8
16-8551,8
16-3947,8
16-7192,8
16-5690,8
16-4955,8
16-9814,8
16-9041,8
16-5210,8
16-7258,8
16-2224,8
16-3146,8
16-7937,8
16-6708,8
16-7010,8
16-7648,8
16-4158,8
16-3252,8
16-6660,8
16-7954,8
16-4737,8
16-8660,8
16-2443,8
16-18878,8
16-5645,4
16-6517,8
16-9131,8
16-8058,8
16-3023,8
16-4654,8
16-6695,8
16-2643,8
16-5560,8
16-4900,8
16-6016,8
16-8141,8
16-9899,8
16-8622,8
16-9620,8
16-5087,8
16-4005,8
16-9236,8
16-9676,8
16-6400,8
16-6131,8
16-2159,8
16-13067,8
16-4368,8
16-7827,8
16-9613,8
16-7206,8
16-9797,8
16-3524,8
16-9916,8
16-9506,8
16-4680,8
16-5508,8
16-6366,8
16-18918,8
16-3704,8
16-3396,8
16-9387,8
16-5529,8
16-8083,8
16-19586,8
16-5523,8
16-3583,8
16-8042,8
16-0717,8
16-9961,8
16-6729,8
16-2811,8
16-14614,8
16-8002,8
16-6219,8
16-2874,8
16-9799,8
16-2782,8
16-2647,8
16-7842,8
16-4228,8
16-4571,8
16-4672,8
16-9210,8
16-8048,8
16-2468,8
16-2831,8
16-9621,8
16-8145,8
16-4835,8
16-5114,8
16-6998,8
16-8842,4
16-6320,8
16-9152,8
16-6962,8
16-14661,8
16-8492,8
16-6572,8
16-19924,8
16-6615,8
16-6314,8
16-9390,8
16-9154,8
16-8143,8
16-6940,8
16-8696,8
16-2352,8
16-9414,8
16-9032,8
16-2589,8
16-3032,8
16-19587,8
16-13089,8
16-0341,8
16-2754,8
16-4642,8
16-7686,8
16-5351,8
16-2931,8
16-3176,8
16-4009,8
16-6814,8
16-19742,8
16-5599,8
16-4312,8
16-1298,8
16-14036,8
16-5852,8
16-9358,8
16-7709,8
16-9531,8
16-2610,8
16-7049,8
16-5125,8
16-6463,8
16-5493,8
16-6509,8
16-6704,8
16-8805,8
16-6399,8
16-7322,8
16-5853,8
16-8397,8
16-1936,8
16-5858,8
16-13502,8
16-1726,8
16-3268,8
16-0689,8
16-0125,8
16-3365,8
16-2303,8
16-18479,8
16-9460,8
16-18327,8
16-8709,8
16-5378,8
16-8939,8
16-6482,8
16-7877,8
16-8704,8
16-4371,8
16-9815,8
16-1172,8
16-0777,8
16-2436,8
16-4980,8
16-7679,8
16-0918,8
16-19980,8
16-2796,8
16-2074,8
16-2534,8
16-4764,8
16-4551,8
16-2497,8
16-4143,8
16-7923,8
16-5726,8
16-2228,8
16-2966,8
16-3067,8
16-5049,8
16-1220,8
16-6872,8
16-1989,8
16-5398,8
16-9424,8
16-4568,8
16-2258,8
16-3545,8
16-2408,8
16-3129,8
16-19539,8
16-6619,8
16-7996,8
16-3961,8
16-9963,8
16-7201,8
16-8806,8
16-9541,8
16-5788,8
16-8449,8
16-9270,8
16-9325,8
16-9494,8
16-19727,8
16-6574,8
16-0982,8
16-7341,8
16-5855,8
16-8171,8
16-9475,8
16-4550,8
16-0468,8
16-2200,8
16-9596,8
16-6652,8
16-4321,8
16-5532,8
16-4761,8
16-2428,8
16-5898,8
16-5588,8
16-12250,8
16-4084,8
16-6088,8
16-7331,8
16-0977,8
16-9968,8
16-12586,8
16-17164,8
16-2289,8
16-8674,8
16-8454,8
16-7667,8
16-19508,8
16-19788,8
16-8844,8
16-0001,8
16-5638,8
16-2841,8
16-5681,8
16-9073,8
16-4694,8
16-4886,8
16-7851,8
16-5675,8
16-7138,8
16-5882,8
16-9283,8
16-8836,8
16-7828,8
16-9219,8
16-5098,8
16-5679,8
16-9411,8
16-7999,8
16-0775,8
16-8526,8
16-9987,8
16-9279,8
16-7703,8
16-0242,8
16-0045,8
16-9355,8
16-1514,8
16-0376,8
16-2411,8
16-5411,8
16-5345,8
16-4465,8
16-9990,8
16-9080,8
16-6317,8
16-6343,8
16-6237,8
16-7958,8
16-5857,8
16-8897,8
16-0727,8
16-3403,8
16-17112,8
16-18792,8
16-9274,8
16-7930,8
16-8606,8
16-3899,8
16-5100,8
16-3380,8
16-2498,8
16-6049,8
16-0275,8
16-6262,8
16-7524,8
16-3074,8
16-8920,8
16-7801,8
16-5654,8
16-2414,8
16-5424,8
16-3369,8
16-5090,8
16-6211,8
16-6772,8
16-19701,8
16-7418,8
16-3519,8
16-7024,8
16-9493,8
16-9158,8
16-14461,8
16-5998,8
16-7808,8
16-18838,8
16-7085,8
16-2987,8
16-8666,8
16-7474,8
16-8437,8
16-7782,8
16-9723,8
16-9687,8
16-9089,8
16-6960,8
16-9952,8
16-8755,8
16-7041,8
16-7823,8
16-7839,8
16-8942,8
16-3010,8
16-5535,8
16-2580,8
16-1912,8
16-8952,8
16-6688,8
16-9762,8
16-3066,8
16-9112,8
16-0583,8
16-6897,8
16-5912,8
16-9012,8
16-5054,8
16-8702,8
16-7834,8
16-8749,8
16-8516,8
16-8986,4
16-7031,8
16-8607,8
16-3169,8
16-6568,8
16-8044,8
16-0914,8
16-7747,8
16-3333,8
16-5620,8
16-8681,8
16-3240,8
16-5566,8
16-6516,8
16-6597,8
16-9469,8
16-6226,8
16-8280,8
16-6638,8
16-0801,8
16-5892,8
16-9137,8
16-6846,8
16-9498,8
16-7841,4
16-2590,8
16-5977,8
16-9389,8
16-7472,8
16-9374,8
16-8256,8
16-3980,8
16-4733,8
16-5613,8
16-19402,8
16-8444,8
16-8205,8
16-5481,8
16-0790,8
16-9935,8
16-5316,8
16-6397,8
16-3436,8
16-1971,8
16-0146,8
16-1986,8
16-1892,8
16-2272,8
16-0566,8
16-0949,8
16-7123,8
16-6280,8
16-7162,8
16-3235,8
16-0108,8
16-2273,8
16-0450,8
16-1741,8
16-3113,8
16-2955,8
16-0400,8
16-3766,8
16-0453,8
16-1238,8
16-0905,8
16-4308,8
16-5723,8
16-3499,8
16-4589,8
16-3686,8
16-7674,8
16-1645,8
16-0236,8
16-12732,8
16-0824,8
16-3123,8
16-4170,8
16-0911,8
16-1057,8
16-2651,8
16-1859,8
16-6778,8
16-8274,8
16-0221,8
16-0407,8
16-6445,8
16-1649,8
16-0324,8
16-0204,8
16-3938,8
16-3806,8
16-0144,8
16-8270,8
16-4052,8
16-6497,8
16-5095,8
16-0348,8
16-5142,8
16-1103,8
16-6245,8
16-9533,8
16-13401,8
16-7861,8
16-3805,8
16-6476,8
16-0423,8
16-8873,8
16-1542,8
16-19654,4
16-9763,8
16-0441,8
16-3873,8
16-3155,8
16-0483,8
16-3044,8
16-3762,8
16-3675,8
16-0591,8
16-0585,8
16-4174,8
16-6243,8
16-6379,8
16-1487,8
16-3781,8
16-9182,8
16-0485,8
16-0286,8
16-2759,8
16-0334,8
16-0357,8
16-0077,8
16-0419,8
16-0044,8
16-0075,8
16-0454,4
16-1372,8
16-0161,8
16-0061,8
16-2470,8
16-2189,8
16-0789,8
16-0169,8
16-0333,8
16-1117,8
16-0948,8
16-2148,8
16-0156,8
16-0422,8
16-0090,8
16-2694,8
16-0939,8
16-2309,8
16-0249,8
16-4773,8
16-1584,8
16-4250,8
16-2829,8
16-4190,8
16-8485,8
16-8213,8
16-0029,8
16-0179,4
16-3742,8
16-2566,4
16-8381,8
16-2260,8
16-3749,8
16-9282,8
16-14741,8
16-2992,8
16-5887,8
16-0008,8
16-5353,8
16-2760,8
16-2081,8
16-5779,8
16-7535,8
16-5832,8
16-0667,8
16-4280,8
16-3692,8
16-6251,8
16-6413,8
16-1731,8
16-0160,8
16-4224,8
16-8317,8
16-7407,8
16-1997,8
16-3950,8
16-8362,8
16-5454,8
16-9272,8
16-8532,8
16-9924,8
16-11977,8
16-8892,8
16-7691,8
16-3478,8
16-6811,8
16-1197,8
16-2017,8
16-4628,8
16-4516,8
16-3238,8
16-0067,8
16-0945,8
16-0300,8
16-3393,8
16-5618,8
16-5160,8
16-6902,8
16-0119,8
16-2920,8
16-6658,8
16-0632,8
16-3363,8
16-0152,8
16-3386,8
16-0693,8
16-3053,8
16-18024,8
16-6529,8
16-6823,8
16-4313,8
16-0258,8
16-0542,8
16-1835,8
16-9837,8
16-3049,8
16-1469,8
16-4097,8
16-1275,8
16-7849,8
16-0723,8
16-0968,8
16-1908,8
16-0874,8
16-7037,8
16-0313,8
16-0838,8
16-6744,8
16-0654,8
16-3443,8
16-6289,8
16-3869,8
16-7289,8
16-2050,8
16-6699,8
16-7743,8
16-7340,8
16-4411,8
16-4668,8
16-2680,8
16-0325,8
16-4653,8
16-7153,8
16-3508,8
16-9677,8
16-5129,8
16-5044,8
16-0637,8
16-2489,8
16-6892,8
16-9988,8
16-7569,8
16-5772,8
16-4291,8
16-0047,8
16-0314,8
16-2875,8
16-2030,4
16-3079,8
16-5821,8
16-4778,8
16-4281,8
16-2476,8
16-2735,8
16-7318,8
16-0619,4
16-9165,8
16-5605,8
16-7424,8
16-4941,8
16-3352,8
16-0340,8
16-6147,8
16-1929,8
16-0366,8
16-8194,8
16-6720,8
16-5077,8
16-4785,8
16-8369,8
16-6010,8
16-3111,8
16-6834,8
16-2239,8
16-5614,8
16-2204,8
16-0484,8
16-5400,8
16-9921,8
16-4035,8
16-4229,8
16-2491,8
16-5848,8
16-7248,8
16-6981,8
16-5170,8
16-0770,8
16-1952,8
16-8474,8
16-5431,8
16-0447,8
16-5621,8
16-13963,8
16-2307,8
16-0344,8
16-0318,8
16-1573,8
16-0449,8
16-4398,8
16-3778,8
16-6866,8
16-6991,8
16-7916,8
16-8758,8
16-7719,8
16-8049,8
16-5417,8
16-8642,8
16-9443,8
16-4671,8
16-8998,8
16-8261,8
16-5890,8
16-7141,8
16-5958,8
16-7018,8
16-8703,8
16-9558,8
16-4674,8
16-0414,8
16-6080,8
16-9455,8
16-3426,8
16-7132,8
16-3085,8
16-5673,8
16-8210,8
16-9065,8
16-4042,8
16-6537,8
16-1623,4
16-5177,8
16-4002,8
16-0593,8
16-7907,8
16-1339,8
16-2871,8
16-0793,8
16-3759,8
16-3000,8
16-14487,8
16-0233,8
16-5239,8
16-8431,8
16-5667,8
16-6884,8
16-4101,8
16-8778,8
16-6544,8
16-6736,8
16-4783,8
16-5394,8
16-0557,8
16-6683,8
16-7169,8
16-2734,8
16-3501,8
16-9497,8
16-2981,8
16-8157,8
16-2368,8
16-9241,8
16-9492,8
16-6313,8
16-4117,8
16-3050,8
16-8251,8
16-8476,8
16-5920,8
16-14636,8
16-4045,8
16-9063,8
16-6551,8
16-3977,8
16-8465,8
16-8524,8
16-7995,8
16-6670,8
16-8216,8
16-6926,8
16-5251,8
16-8822,8
16-8177,8
16-9057,8
16-9421,8
16-7736,8
16-5533,8
16-7617,8
16-7822,8
16-6279,8
16-4511,8
16-6017,8
16-5085,8
16-7171,8
16-3672,8
16-5066,8
16-2322,8
16-12265,8
16-15470,8
16-8531,8
16-8546,8
16-6287,8
16-7299,8
16-2899,8
16-5051,8
16-4530,8
16-7818,8
16-1843,8
16-0749,8
16-8283,8
16-8404,8
16-3037,8
16-9205,8
16-1841,8
16-1694,8
16-3906,8
16-6165,8
16-1357,8
16-0403,8
16-0384,8
16-8047,8
16-1246,8
16-5778,8
16-9345,8
16-14207,8
16-5547,8
16-0408,8
16-0518,8
16-4983,8
16-3797,8
16-7266,8
16-8901,8
16-7678,8
16-5548,8
16-7139,8
16-7066,8
16-0455,8
16-5655,8
16-3837,8
16-5260,8
16-2718,8
16-0827,8
16-8196,8
16-4353,8
16-9658,8
16-12673,8
16-19664,4
16-7221,8
16-4507,8
16-6810,8
16-8671,8
16-18051,8
16-9392,8
16-0947,8
16-6205,8
16-4454,8
16-0202,8
16-5808,8
16-1798,8
16-4844,8
16-4865,8
16-9007,8
16-9141,8
16-5719,8
16-9441,8
16-5326,8
16-3392,4
16-4905,8
16-8315,8
16-4945,8
16-2818,8
16-8497,8
16-1698,8
16-4471,8
16-3192,8
16-4270,8
16-4346,8
16-9193,8
16-4094,8
16-0938,8
16-6768,8
16-2602,8
16-7887,8
16-5336,8
16-5041,8
16-7033,8
16-2347,8
16-8946,8
16-9006,8
16-13191,8
16-0288,8
16-0921,8
16-8592,8
16-8647,8
16-5468,8
16-0992,8
16-3908,8
16-4428,8
16-0799,8
16-2026,8
16-9448,8
16-0502,8
16-2423,8
16-9568,8
16-0113,8
16-0011,8
16-0848,8
16-2171,8
16-4083,8
16-0658,8
16-4389,8
16-0122,8
16-2837,8
16-4039,8
16-0942,8
16-3052,8
16-1837,8
16-0953,8
16-0612,8
16-3498,8
16-2492,8
16-2482,8
16-3697,8
16-2791,8
16-1759,8
16-2054,8
16-0426,8
16-7396,8
16-0198,8
16-4747,8
16-6306,8
16-1518,8
16-0196,8
16-5850,8
16-0562,8
16-0330,8
16-4172,8
16-0458,8
16-0360,8
16-5128,8
16-2936,8
16-1926,8
16-1867,8
16-2463,8
16-0675,8
16-0089,8
16-2778,8
16-2389,8
16-4862,8
16-1280,8
16-4047,8
16-1652,8
16-3668,8
16-4333,8
16-0670,8
16-1418,8
16-0220,8
16-2800,8
16-7805,8
16-3336,8
16-3251,8
16-3919,8
16-2415,8
16-3929,8
16-1762,8
16-0271,8
16-4036,8
16-7572,4
16-3953,8
16-3569,8
16-0955,8
16-0652,8
16-0782,8
16-2820,8
16-9457,8
16-7444,8
16-8572,8
16-2278,8
16-5743,8
16-6086,8
16-6913,8
16-8096,8
16-0744,8
16-6104,8
16-4057,8
16-1982,8
16-3321,8
16-9456,8
16-2082,8
16-3861,8
16-2637,4
16-1672,8
16-3459,8
16-4098,8
16-1162,8
16-2947,8
16-5634,8
16-5950,8
16-0355,8
16-0771,8
16-6092,8
16-0531,8
16-1051,8
16-8470,8
16-3933,8
16-6539,8
16-7645,8
16-3589,8
16-5703,8
16-3327,8
16-7516,8
16-0259,8
16-8825,8
16-6257,8
16-8162,8
16-6123,8
16-6938,8
16-9226,8
16-4587,8
16-8610,8
16-5604,8
16-8613,8
16-2850,8
16-7288,8
16-6006,8
16-2236,4
16-4736,8
16-2755,8
16-1373,8
16-6417,8
16-2355,8
16-5733,4
16-5257,8
16-9197,8
16-3378,8
16-7204,8
16-2125,8
16-8250,8
16-1378,8
16-2836,8
16-5498,8
16-3151,8
16-1263,8
16-3077,8
16-5982,8
16-0924,8
16-3527,8
16-2448,8
16-3344,8
16-1600,8
16-6236,8
16-9483,8
16-7394,8
16-6354,8
16-4504,8
16-5856,8
16-5339,8
16-7255,8
16-8031,8
16-5420,8
16-1927,8
16-1739,8
16-4533,8
16-3857,8
16-6673,8
16-7097,8
16-9901,8
16-9869,8
16-5501,8
16-9010,8
16-7068,8
16-7581,8
16-9804,8
16-8104,8
16-8229,8
16-4210,8
16-4829,8
16-3163,8
16-8706,8
16-6471,8
16-7556,8
16-4145,8
16-6430,8
16-9939,8
16-3128,8
16-6496,8
16-8798,8
16-6475,8
16-1463,8
16-4546,8
16-7864,8
16-6875,8
16-1242,8
16-5293,8
16-4243,8
16-7929,8
16-1704,8
16-7608,8
16-5252,8
16-8146,8
16-2478,8
16-0121,8
16-2924,8
16-1375,8
16-9719,8
16-6142,8
16-7056,8
16-7993,8
16-2548,8
16-4082,8
16-3848,8
16-19838,8
16-0950,8
16-3033,8
16-0979,8
16-0091,8
16-3728,8
16-2173,8
16-9929,8
16-3423,8
16-0205,8
16-2223,8
16-4493,8
16-6388,8
16-7431,8
16-6598,8
16-4522,8
16-5814,8
16-3624,8
16-5601,8
16-4109,8
16-2431,4
16-3937,8
16-3628,8
16-5376,8
16-8440,8
16-7917,8
16-3471,8
16-6576,8
16-7566,8
16-6665,8
16-17981,8
16-8789,8
16-2902,8
16-3941,8
16-7165,8
16-3719,8
16-9591,8
16-9395,8
16-1968,8
16-3019,8
16-6215,8
16-7205,8
16-6766,8
16-8612,8
16-6654,8
16-5590,8
16-4705,8
16-9201,8
16-8515,8
16-2636,8
16-2472,8
16-1819,8
16-2327,8
16-0605,8
16-6363,8
16-6026,8
16-2313,8
16-9227,8
16-3124,8
16-6577,8
16-9401,8
16-1385,8
16-5058,8
16-2371,8
16-6819,8
16-0049,8
16-0854,8
16-1531,8
16-0025,8
16-4435,8
16-3856,8
16-5572,8
16-9039,8
16-4024,8
16-7690,8
16-6093,8
16-5951,8
16-5956,8
16-7514,8
16-5320,8
16-6876,8
16-1208,8
16-2354,8
16-9095,8
16-6527,8
16-5813,8
16-9106,8
16-8307,8
16-1723,8
16-8690,8
16-6282,8
16-6602,8
16-8923,8
16-17526,8
16-18940,8
16-0398,8
16-8982,8
16-4156,8
16-3972,8
16-8985,8
16-9778,8
16-8439,8
16-3734,8
16-2109,8
16-7382,8
16-9297,8
16-9737,8
16-1607,8
16-4868,8
16-4901,8
16-0547,8
16-1459,8
16-7657,8
16-2167,8
16-6777,8
16-8085,8
16-5503,8
16-6604,8
16-2281,8
16-6454,8
16-8045,8
16-7364,8
16-7272,8
16-9965,8
16-8032,8
16-6677,8
16-7489,8
16-5045,8
16-3647,8
16-5888,8
16-5150,8
16-2103,8
16-6625,8
16-2784,8
16-6375,8
16-5104,8
16-4302,8
16-3955,8
16-7106,8
16-6696,8
16-7799,8
16-9941,8
16-4972,8
16-5627,8
16-8387,8
16-8975,8
16-6054,8
16-7448,8
16-9114,8
16-7397,8
16-4553,8
16-5223,8
16-4355,8
16-0655,8
16-8173,8
16-19914,8
16-3245,8
16-4092,8
16-8455,8
16-4455,8
16-4477,8
16-7824,8
16-2164,8
16-3127,8
16-0304,8
16-0527,8
16-2667,8
16-5549,8
16-4166,8
16-5589,8
16-8347,8
16-6858,8
16-3473,8
16-6901,8
16-6370,8
16-6784,8
16-9768,8
16-6780,8
16-4182,8
16-4732,8
16-7565,8
16-3688,8
16-8710,8
16-7748,8
16-4331,8
16-9295,8
16-8392,8
16-14103,8
16-3437,8
16-5250,8
16-3911,8
16-3031,8
16-5633,8
16-5861,8
16-7521,8
16-9263,8
16-9895,8
16-4917,8
16-3107,8
16-5490,8
16-6382,8
16-7354,8
16-7536,8
16-7423,8
16-8178,8
16-8881,8
16-5364,8
16-0188,8
16-0126,8
16-4384,8
16-1784,8
16-4173,8
16-3083,8
16-1803,8
16-2748,8
16-3173,8
16-1977,8
16-7504,8
16-3196,8
16-3311,8
16-3210,8
16-9058,8
16-4136,8
16-4135,8
16-4545,8
16-9997,8
16-13738,8
16-8878,8
16-6299,8
16-9349,8
16-5221,8
16-5687,8
16-7910,8
16-7482,8
16-9191,8
16-7528,8
16-4734,8
16-4821,8
16-5271,8
16-9656,8
16-0699,8
16-0555,8
16-4102,8
16-2233,8
16-8950,8
16-5656,8
16-2346,8
16-4851,8
16-4066,8
16-9708,8
16-6393,8
16-6525,8
16-3424,8
16-7682,8
16-9784,8
16-5669,8
16-8232,8
16-5629,8
16-14529,8
16-5527,8
16-7238,8
16-5060,8
16-7310,8
16-3882,8
16-9132,8
16-8815,8
16-5792,8
16-3537,8
16-0681,8
16-5073,8
16-8090,8
16-3822,8
16-2949,8
16-8166,8
16-11309,8
16-6239,8
16-8694,8
16-7507,8
16-7212,8
16-9505,8
16-9351,8
16-7897,8
16-6119,8
16-9905,8
16-2537,8
16-5344,8
16-6974,8
16-6896,8
16-17925,8
16-2486,8
16-0842,8
16-8298,8
16-5917,8
16-4763,8
16-9440,8
16-4404,8
16-6838,8
16-3853,8
16-2752,8
16-8123,8
16-2763,8
16-7821,8
16-5267,8
16-3015,8
16-5874,8
16-6015,8
16-6024,8
16-6185,8
16-4463,8
16-5710,8
16-4706,8
16-9694,8
16-9321,8
16-3694,8
16-19650,8
16-9880,8
16-3754,8
16-3511,8
16-5916,4
16-5477,8
16-9580,8
16-7966,8
16-8414,8
16-8186,8
16-0960,8
16-5306,8
16-5243,8
16-14566,8
16-2934,4
16-7665,8
16-6390,8
16-5757,8
16-9592,8
16-9740,8
16-9161,8
16-1846,8
16-3644,8
16-9824,8
16-6292,8
16-1721,8
16-5203,8
16-6433,8
16-14454,8
16-9753,8
16-2764,8
16-13879,8
16-6254,8
16-8657,8
16-4033,8
16-3521,8
16-2888,8
16-4417,8
16-3658,8
16-8994,8
16-5039,8
16-5790,8
16-7373,8
16-0439,8
16-2444,8
16-4616,8
16-8245,8
16-9306,8
16-1501,8
16-2622,8
16-5025,8
16-1886,8
16-6455,8
16-6188,8
16-3488,8
16-1618,8
16-1580,8
16-9736,8
16-4940,8
16-7262,8
16-7752,8
16-4700,8
16-3427,8
16-5297,8
16-7287,8
16-5949,8
16-6686,8
16-4739,8
16-8352,8
16-4460,8
16-2469,8
16-0738,8
16-8659,8
16-5464,8
16-8954,8
16-9110,8
16-7844,8
16-3763,8
16-5900,8
16-1048,8
16-0851,8
16-3934,8
16-3030,8
16-6513,8
16-2587,8
16-3703,8
16-3526,8
16-2715,8
16-7491,8
16-4126,8
16-3850,8
16-5984,8
16-19103,8
16-6164,8
16-9832,8
16-7111,8
16-4847,8
16-4206,8
16-5803,8
16-2450,8
16-7951,8
16-2512,8
16-6742,8
16-1814,8
16-9611,8
16-1475,8
16-8206,8
16-4922,8
16-3458,8
16-6663,8
16-3780,8
16-1184,8
16-0589,8
16-9758,8
16-8192,8
16-3777,8
16-0391,8
16-0307,8
16-0859,8
16-1715,8
16-7580,8
16-7601,8
16-0540,8
16-0389,8
16-4202,8
16-0817,8
16-4150,8
16-5631,8
16-19776,8
16-4446,8
16-13626,8
16-2584,8
16-4191,8
16-5817,8
16-1019,8
16-2851,8
16-8574,8
16-3451,8
16-3095,8
16-7513,8
16-5939,8
16-4537,8
16-2789,8
16-7642,8
16-0382,8
16-4525,8
16-5355,8
16-2219,8
16-3042,8
16-4069,8
16-0026,8
16-9590,8
16-7155,8
16-0019,8
16-4704,8
16-5093,8
16-7487,8
16-1107,8
16-1797,8
16-9663,8
16-4184,8
16-9888,8
16-9684,8
16-0533,8
16-0470,8
16-5406,8
16-6865,8
16-9817,8
16-5769,8
16-9470,8
16-6641,8
16-7029,8
16-3864,8
16-9945,8
16-3863,8
16-3290,8
16-2291,8
16-8936,8
16-6885,8
16-9893,8
16-9675,8
16-4439,8
16-6160,8
16-8809,8
16-7904,8
16-7728,8
16-5137,8
16-9922,8
16-4292,8
16-9717,8
16-8297,8
16-7197,8
16-6910,8
16-9000,8
16-9194,8
16-9109,8
16-5911,8
16-6697,8
16-1781,8
16-6208,8
16-8374,8
16-9657,8
16-7039,8
16-2373,8
16-6893,8
16-8770,8
16-8560,8
16-7554,8
16-1018,8
16-0606,8
16-9037,8
16-4907,8
16-3172,8
16-5584,8
16-2717,8
16-6756,8
16-2995,8
16-3979,8
16-9409,8
16-3760,8
16-6802,8
16-1794,8
16-0064,8
16-1658,8
16-6623,8
16-3925,8
16-1177,8
16-13938,8
16-5550,8
16-9304,8
16-6217,8
16-5254,8
16-9610,8
16-3368,8
16-17689,8
16-9647,8
16-3048,8
16-2212,8
16-19360,8
16-1625,8
16-3630,8
16-4771,8
16-2698,8
16-8643,8
16-4950,8
16-8015,8
16-4814,8
16-3490,4
16-0199,8
16-5696,8
16-0665,8
16-2221,8
16-0616,8
16-0046,8
16-6019,8
16-3109,8
16-4152,8
16-0278,8
16-0283,8
16-0463,8
16-0346,8
16-1755,8
16-0017,8
16-0218,4
16-0193,8
16-0189,4
16-0336,8
16-2121,8
16-5815,8
16-6067,8
16-3512,8
16-0582,8
16-2994,8
16-0920,8
16-6295,8
16-1734,8
16-4819,8
16-14450,8
16-7798,8
16-7378,4
16-9655,8
16-3071,8
16-7854,8
16-3024,8
16-1234,8
16-1615,8
16-5155,8
16-6429,8
16-2814,8
16-4195,8
16-1159,8
16-4336,8
16-7105,8
16-2585,8
16-4651,8
16-6125,8
16-0347,8
16-3003,8
16-0856,8
16-4405,8
16-4441,8
16-6661,8
16-8185,8
16-6794,8
16-2669,8
16-0964,8
16-7680,8
16-5795,8
16-2529,8
16-12360,8
16-9175,8
16-3338,8
16-6414,8
16-7812,8
16-7145,8
16-9153,8
16-0666,4
16-1288,8
16-4811,8
16-4621,8
16-4060,8
16-9042,8
16-3460,8
16-6984,8
16-3165,8
16-5760,8
16-8859,8
16-11487,8
16-7163,8
16-4557,8
16-9247,8
16-7567,4
16-4415,8
16-6863,8
16-5793,8
16-1424,8
16-4325,8
16-4745,8
16-1914,8
16-4599,8
16-9593,8
16-8602,8
16-2609,8
16-0381,8
16-3771,8
16-3671,8
16-0536,8
16-6358,8
16-4328,8
16-18275,8
16-1273,8
16-3922,8
16-9843,8
16-1564,8
16-0895,8
16-1330,8
16-3945,8
16-3342,8
16-9314,8
16-0263,8
16-0097,8
16-5686,8
16-2767,8
16-0201,8
16-4180,8
16-2790,8
16-9920,8
16-1851,8
16-3043,8
16-1541,8
16-3878,8
16-2188,8
16-4512,8
16-5766,8
16-5331,4
16-3161,8
16-4448,8
16-6190,8
16-9324,8
16-4266,8
16-5489,8
16-1353,8
16-2523,8
16-3699,8
16-9202,8
16-14497,8
16-6674,8
16-4721,8
16-8698,8
16-6689,8
16-4000,8
16-6716,8
16-0936,8
16-4337,8
16-5237,8
16-4319,8
16-3620,8
16-7838,8
16-13899,8
16-1852,8
16-0563,8
16-18625,8
16-6038,8
16-4165,8
16-7419,8
16-6210,8
16-9458,8
16-1644,8
16-6985,8
16-6796,8
16-3633,8
16-0024,8
16-3153,8
16-7176,8
16-8224,8
16-8893,8
16-14858,8
16-0141,8
16-4975,8
16-0175,8
16-2092,8
16-9573,8
16-9693,8
16-0649,8
16-3179,8
16-0497,8
16-7256,8
16-3323,8
16-4007,8
16-4307,8
16-3073,8
16-4120,8
16-0183,8
16-6383,8
16-4613,8
16-6189,8
16-3434,8
16-0546,8
16-3271,8
16-2877,8
16-7089,8
16-6795,8
16-8929,8
16-19660,8
16-9879,8
16-1712,8
16-5551,8
16-6582,8
16-6590,8
16-0058,8
16-6971,8
16-9688,8
16-18731,8
16-2980,8
16-8154,8
16-3326,8
16-0299,8
16-0624,8
16-1152,8
16-2892,8
16-2938,8
16-2392,8
16-7591,8
16-1792,4
16-2344,8
16-0897,4
16-7054,4
16-9991,8
16-7649,8
16-3918,8
16-9993,8
16-6196,8
16-7714,8
16-0149,8
16-4211,8
16-4041,8
16-5019,8
16-3332,8
16-8235,8
16-6878,8
16-7927,8
16-6606,8
16-0164,8
16-4698,8
16-2266,8
16-0116,8
16-6595,8
16-4961,8
16-8580,8
16-2144,8
16-0274,8
16-1682,8
16-4777,8
16-5897,8
16-5389,8
16-2481,8
16-0577,8
16-6510,8
16-9267,8
16-2243,8
16-5384,8
16-9332,8
16-15867,8
16-5860,8
16-6966,8
16-6145,8
16-1946,8
16-5482,8
16-5395,8
16-0807,8
16-0630,8
16-8807,8
16-9534,8
16-16937,8
16-2969,8
16-8306,4
16-5185,8
16-0617,8
16-8446,8
16-5004,8
16-13276,8
16-0445,8
16-0492,8
16-0440,8
16-2379,8
16-6338,8
16-0163,8
16-3465,8
16-0899,8
16-3887,8
16-6790,8
16-17687,8
16-1871,8
16-0785,8
16-9918,8
16-0498,8
16-5437,8
16-3415,8
16-5256,8
16-4508,8
16-0818,8
16-9561,8
16-9845,8
16-9346,8
16-9372,8
16-3562,8
16-9738,8
16-1911,8
16-5646,8
16-1132,8
16-8729,8
16-2057,8
16-7676,8
16-9928,8
16-5885,8
16-9098,8
16-3710,8
16-0625,8
16-9992,8
16-8739,8
16-5005,8
16-5035,8
16-4010,8
16-3289,8
16-2244,8
16-0722,8
16-5544,8
16-9914,8
16-4605,8
16-1496,8
16-9004,8
16-2926,8
16-6242,8
16-7237,8
16-7643,8
16-4539,8
16-4692,8
16-8401,8
16-8061,8
16-12557,8
16-9767,8
16-8611,8
16-0804,8
16-1265,8
16-19145,8
16-9648,8
16-2262,8
16-1639,8
16-4528,8
16-1967,8
16-8688,8
16-2646,8
16-3695,8
16-1080,8
16-4988,8
16-3650,8
16-6099,8
16-6589,8
16-9292,8
16-4797,8
16-7501,8
16-6867,8
16-7440,8
16-7042,8
16-8190,8
16-4351,8
16-5969,8
16-8865,8
16-7224,8
16-4452,8
16-7488,8
16-2942,8
16-9091,8
16-9166,8
16-9976,8
16-6547,8
16-8422,8
16-9431,8
16-7787,8
16-4408,8
16-3164,8
16-7553,8
16-2628,8
16-3613,8
16-0194,8
16-5707,8
16-6090,8
16-7077,8
16-1412,8
16-1681,8
16-9229,8
16-8411,8
16-17763,8
16-8645,8
16-8644,8
16-7882,8
16-5672,8
16-18949,8
16-5134,8
16-6412,8
16-6662,8
16-5162,8
16-18326,8
16-12574,8
16-3246,8
16-7889,8
16-9174,8
16-8106,8
16-8775,8
16-17847,8
16-6968,8
16-9047,8
16-7390,8
16-6743,8
16-19896,8
16-8066,8
16-7687,8
16-5122,8
16-8050,8
16-6405,8
16-7281,8
16-5043,8
16-14477,8
16-3721,8
16-8258,8
16-8905,8
16-7496,8
16-6466,8
16-4708,8
16-6100,8
16-7618,8
16-9551,8
16-7783,8
16-4617,8
16-8677,8
16-6261,8
16-6350,8
16-1673,4
16-6267,8
16-5767,8
16-9644,8
16-9405,8
16-8008,8
16-8845,8
16-5906,8
16-5022,8
16-9067,8
16-14327,8
16-8519,8
16-0079,8
16-2404,8
16-4515,8
16-2626,8
16-6029,8
16-3553,8
16-3399,8
16-7022,8
16-8625,8
16-4424,8
16-8006,8
16-7557,8
16-3419,8
16-7517,8
16-5765,8
16-3803,8
16-9960,8
16-9974,8
16-9776,8
16-5078,8
16-6726,8
16-6840,8
16-6264,8
16-4556,8
16-7328,8
16-5071,8
16-8590,8
16-3831,8
16-7486,8
16-4140,8
16-2237,8
16-1746,8
16-7604,8
16-7924,8
16-8632,8
16-8001,8
16-1602,8
16-0698,8
16-6809,8
16-0030,8
16-5497,8
16-13951,8
16-9162,8
16-9356,8
16-6563,8
16-7981,8
16-6438,8
16-6656,8
16-9143,8
16-7700,8
16-7300,8
16-19714,8
16-9251,8
16-9023,8
16-8541,8
16-6727,8
16-7242,8
16-5694,8
16-19515,8
16-9255,8
16-5616,8
16-5749,8
16-7112,8
16-6680,8
16-8115,8
16-2866,8
16-2114,8
16-4552,8
16-0983,8
16-9795,8
16-6247,8
16-6653,8
16-6705,8
16-2853,8
16-1078,8
16-2058,8
16-1728,8
16-16244,8
16-2701,8
16-0796,8
16-19801,8
16-6001,8
16-4021,8
16-8854,8
16-4996,8
16-0022,8
16-4894,8
16-0493,8
16-17664,8
16-0600,8
16-2515,8
16-7733,8
16-1686,8
16-4385,8
16-3013,8
16-4201,8
16-1136,8
16-8241,8
16-0876,8
16-2464,8
16-4449,8
16-4334,8
16-0570,8
16-2864,8
16-5891,8
16-9472,8
16-5578,8
16-3410,8
16-1221,8
16-3297,8
16-1981,8
16-4993,8
16-5943,8
16-2510,8
16-7006,8
16-6426,8
16-3193,8
16-9956,8
16-2825,8
16-6817,8
16-3843,8
16-4649,8
16-3106,8
16-2097,8
16-0971,8
16-2863,8
16-2007,8
16-5224,8
16-5255,8
16-7800,8
16-6081,8
16-7012,8
16-1609,8
16-9462,8
16-9886,8
16-8094,8
16-7840,8
16-4054,8
16-0338,8
16-2060,8
16-5186,8
16-0922,8
16-3190,8
16-8333,8
16-18795,8
16-4608,8
16-5212,8
16-2457,8
16-0410,8
16-4714,8
16-7159,8
16-0808,8
16-3889,8
16-0663,8
16-17696,8
16-8202,8
16-0034,8
16-0352,8
16-2429,8
16-3360,8
16-7547,8
16-3223,8
16-2438,8
16-0472,8
16-14025,8
16-0860,8
16-6302,8
16-5428,8
16-4881,8
16-8717,8
16-7436,8
16-5286,8
16-6195,8
16-19895,8
16-8902,8
16-2659,8
16-8819,8
16-1710,8
16-3286,8
16-9316,8
16-6111,8
16-6309,8
16-8035,8
16-7276,8
16-3356,8
16-1502,8
16-8847,8
16-9342,8
16-5466,8
16-8512,8
16-5396,8
16-8495,8
16-8618,8
16-0934,8
16-1538,8
16-3379,8
16-7813,8
16-8388,8
16-7598,8
16-0581,8
16-4464,8
16-3429,8
16-3263,8
16-8801,8
16-9107,8
16-12834,8
16-17437,8
16-19790,8
16-5273,8
16-7994,8
16-7876,8
16-9481,8
16-1598,8
16-2333,8
16-8911,8
16-3276,8
16-5836,8
16-6816,8
16-1666,8
16-4997,8
16-2859,8
16-9725,8
16-8314,8
16-4612,8
16-7807,8
16-6277,8
16-9900,8
16-7909,8
16-1659,8
16-1556,8
16-7730,8
16-5725,8
16-7257,8
16-7919,8
16-3045,8
16-0753,8
16-4843,8
16-5121,8
16-0073,8
16-2210,8
16-8056,8
16-4388,8
16-5382,8
16-3150,8
16-5830,8
16-8184,8
16-6151,8
16-8430,8
16-9643,8
16-7717,8
16-9998,8
16-1896,8
16-7605,8
16-7104,8
16-3476,8
16-9807,8
16-8036,8
16-8504,8
16-6340,8
16-4118,8
16-2861,8
16-16536,8
16-4576,8
16-8124,8
16-3830,8
16-8294,8
16-7635,8
16-1679,8
16-4731,8
16-8680,8
16-6385,8
16-4722,8
16-7199,8
16-5062,8
16-3277,8
16-3525,8
16-1053,8
16-3793,8
16-7892,8
16-3634,8
16-7734,8
16-9172,8
16-1796,8
16-1822,8
16-4786,8
16-4716,8
16-8614,8
16-2073,8
16-5947,8
16-1537,8
16-12527,8
16-7595,8
16-5425,8
16-3244,8
16-5301,8
16-6035,8
16-8651,8
16-3452,8
16-13339,8
16-5314,8
16-6550,8
16-1570,8
16-13811,8
16-4779,8
16-6022,8
16-8744,8
16-7811,8
16-8730,8
16-1848,8
16-9313,8
16-6222,8
16-2083,8
16-1757,8
16-2682,8
16-17886,8
16-9867,8
16-5354,8
16-0128,8
16-9347,8
16-8419,8
16-0736,8
16-3657,8
16-4279,8
16-5311,8
16-8460,8
16-3228,8
16-4633,8
16-6943,8
16-9076,8
16-4401,8
16-1763,8
16-7925,8
16-6446,8
16-6643,8
16-6614,8
16-7362,8
16-0692,8
16-5791,8
16-7253,8
16-6166,8
16-2003,8
16-2049,8
16-6169,8
16-4008,8
16-19206,8
16-8424,8
16-4375,8
16-6391,8
16-8496,8
16-2722,8
16-6146,8
16-0082,8
16-2108,8
16-0957,8
16-4088,8
16-4345,8
16-0287,8
16-6891,8
16-0926,8
16-0765,8
16-5036,8
16-13363,8
16-9480,8
16-1791,8
16-2998,8
16-5390,8
16-6060,8
16-6465,8
16-6372,8
16-4004,8
16-3789,8
16-9268,8
16-8641,8
16-4025,8
16-4318,8
16-7381,8
16-4766,8
16-1934,8
16-9138,8
16-4445,8
16-9180,8
16-8255,8
16-7785,8
16-19717,8
16-8569,4
16-5291,8
16-5987,8
16-5996,8
16-14734,8
16-8823,8
16-6246,8
16-8596,8
16-9300,8
16-8784,8
16-8024,8
16-3604,8
16-4358,8
16-8928,8
16-7408,8
16-9376,8
16-0590,8
16-0226,8
16-0781,8
16-0387,8
16-8846,8
16-1550,8
16-7014,4
16-4891,8
16-0716,8
16-2336,8
16-9942,8
16-8149,8
16-8295,8
16-5108,8
16-4473,8
16-0679,8
16-9019,8
16-7625,8
16-0451,8
16-1113,8
16-9377,8
16-18687,8
16-9542,8
16-3456,8
16-8318,8
16-0461,8
16-8866,8
16-5641,8
16-0369,8
16-0987,8
16-0778,8
16-5461,8
16-4810,8
16-4562,8
16-3877,8
16-7315,8
16-3556,8
16-6560,8
16-6138,8
16-3293,8
16-6362,8
16-7588,8
16-5135,8
16-14927,8
16-6871,8
16-4688,8
16-9727,8
16-9129,8
16-7537,8
16-0909,8
16-1799,8
16-7231,8
16-2520,8
16-8303,8
16-0250,8
16-8490,8
16-4622,8
16-8179,8
16-7290,8
16-3158,8
16-6328,8
16-8339,8
16-19101,8
16-0302,8
16-0811,8
16-5499,8
16-7086,8
16-5628,8
16-0323,8
16-5462,8
16-1812,8
16-3575,8
16-6116,8
16-9931,8
16-4061,8
16-5834,8
16-14704,8
16-1806,8
16-2897,8
16-17876,8
16-4564,8
16-7610,8
16-6719,8
16-3134,8
16-9195,8
16-5001,8
16-0048,8
16-0342,8
16-9514,8
16-6629,8
16-6173,8
16-3566,8
16-5530,8
16-8861,8
16-2127,8
16-0640,8
16-2473,8
16-4443,8
16-0900,8
16-3225,8
16-0702,8
16-7198,8
16-0489,8
16-0539,8
16-2433,8
16-4242,8
16-18924,8
16-5328,8
16-6285,8
16-0027,8
16-0404,8
16-7681,8
16-5069,8
16-8219,8
16-7543,8
16-1391,8
16-3542,8
16-4987,8
16-2639,8
16-3479,8
16-3824,8
16-4248,8
16-6800,8
16-2280,8
16-7597,8
16-4681,8
16-4995,8
16-0230,8
16-8869,8
16-6916,8
16-1254,8
16-8088,8
16-3847,8
16-6533,8
16-3262,8
16-6579,8
16-1937,8
16-8084,8
16-7387,8
16-8585,8
16-6706,8
16-9015,8
16-6735,8
16-3755,8
16-4909,8
16-4592,8
16-5573,8
16-7825,8
16-2852,8
16-7485,8
16-0365,8
16-8718,8
16-4855,8
16-0281,4
16-9970,8
16-4914,8
16-5247,8
16-6121,8
16-9755,8
16-6747,8
16-8322,8
16-9385,8
16-2343,8
16-4830,8
16-3608,8
16-2251,8
16-3976,8
16-2678,8
16-2823,8
16-6937,8
16-7484,8
16-0756,8
16-6492,8
16-8425,8
16-8160,8
16-1631,8
16-0232,8
16-5119,8
16-0951,8
16-1289,8
16-5332,8
16-0883,8
16-2909,8
16-8872,8
16-8972,8
16-4696,8
16-6143,8
16-2993,8
16-0700,8
16-8428,8
16-4232,8
16-5630,8
16-7835,8
16-7346,8
16-9897,8
16-3202,8
16-8200,8
16-9589,8
16-2538,8
16-5183,8
16-5540,8
16-8193,8
16-2393,8
16-6786,8
16-4343,8
16-9380,8
16-9061,8
16-8443,8
16-9996,8
16-8916,8
16-9787,8
16-17519,8
16-7003,8
16-7229,8
16-7402,8
16-3717,8
16-5919,8
16-0832,8
16-6305,8
16-8699,8
16-0878,8
16-5579,8
16-6055,8
16-4656,8
16-2032,8
16-9357,8
16-9486,8
16-5321,8
16-1854,8
16-12537,8
16-8427,8
16-3139,8
16-8967,8
16-0206,8
16-1420,8
16-8382,8
16-1700,8
16-2132,8
16-0984,8
16-8738,8
16-7578,8
16-4282,8
16-9634,8
16-4578,8
16-7922,8
16-5666,8
16-7655,8
16-7685,8
16-7794,8
16-0277,8
16-1838,8
16-3462,8
16-5509,8
16-9769,8
16-4317,8
16-7021,8
16-9704,8
16-8221,8
16-6395,8
16-6752,8
16-7365,8
16-0916,8
16-9515,8
16-6387,8
16-5234,8
16-5944,8
16-4340,8
16-5933,8
16-2526,8
16-1948,8
16-3412,8
16-19555,8
16-9547,8
16-2804,8
16-9290,8
16-0529,8
16-9504,8
16-2084,8
16-9171,8
16-0511,8
16-7411,8
16-13460,8
16-4611,8
16-9612,8
16-3320,8
16-8076,8
16-6773,8
16-1724,8
16-0135,8
16-3388,8
16-5596,8
16-0861,8
16-3987,8
16-7716,8
16-1586,8
16-0614,8
16-8835,8
16-1320,8
16-9463,8
16-9978,8
16-6671,8
16-7847,8
16-8617,8
16-8010,8
16-5722,8
16-13900,8
16-7982,8
16-4565,8
16-2047,8
16-1951,8
16-8796,8
16-5859,8
16-8122,8
16-5304,8
16-6573,8
16-19967,8
16-7770,8
16-5835,8
16-2832,8
16-0919,8
16-8679,8
16-8787,8
16-5020,8
16-7621,8
16-0713,8
16-6132,8
16-2984,8
16-8907,8
16-6252,8
16-3191,8
16-7357,8
16-9545,8
16-8944,8
16-4487,8
16-6624,8
16-0846,8
16-4299,8
16-7871,8
16-4364,8
16-6617,8
16-8438,8
16-7293,8
16-8482,8
16-2430,8
16-0636,8
16-3747,8
16-3312,8
16-1346,8
16-3112,8
16-3232,8
16-9892,8
16-2276,8
16-0239,8
16-9111,8
16-3783,8
16-5963,8
16-2652,8
16-2474,8
16-8851,8
16-6760,8
16-4360,8
16-8927,8
16-7202,8
16-4196,8
16-4965,8
16-4223,8
16-6422,8
16-8488,8
16-2070,8
16-8903,8
16-7342,8
16-2105,8
16-8092,8
16-0815,8
16-9248,8
16-3177,8
16-7550,8
16-7455,8
16-9250,8
16-9865,8
16-5164,8
16-13543,8
16-3020,8
16-0853,8
16-6170,8
16-0306,8
16-3016,8
16-4863,8
16-7283,8
16-2471,8
16-0532,8
16-2544,8
16-2071,4
16-7977,8
16-0417,8
16-3256,8
16-6470,8
16-4374,8
16-6428,8
16-4644,8
16-7061,8
16-9224,8
16-4115,8
16-9584,8
16-0659,8
16-0523,8
16-6473,8
16-5510,8
16-16722,8
16-3373,8
16-8831,8
16-8523,8
16-9185,8
16-2774,8
16-9341,8
16-4393,8
16-0885,8
16-9782,8
16-6079,8
16-8631,8
16-9605,8
16-14869,8
16-6792,8
16-7942,8
16-6336,8
16-7903,8
16-1737,8
16-2051,8
16-9036,8
16-9373,8
16-7511,8
16-7538,8
16-7815,8
16-4627,8
16-4495,8
16-9917,8
16-5754,8
16-3359,8
16-8713,8
16-5379,8
16-4260,8
16-0549,8
16-0685,8
16-0508,8
16-4982,8
16-5392,8
16-3324,8
16-4038,8
16-4939,8
16-3775,8
16-4472,8
16-8059,8
16-2945,8
16-4200,8
16-6535,8
16-3816,8
16-5700,8
16-4414,8
16-4062,8
16-3516,8
16-5802,8
16-4992,8
16-1044,8
16-4503,8
16-7668,8
16-7974,8
16-9819,8
16-8394,8
16-9021,8
16-5524,8
16-2839,8
16-8648,8
16-5651,8
16-0456,8
16-0171,4
16-5427,8
16-6586,8
16-8113,8
16-17971,8
16-8763,8
16-2211,8
16-6924,8
16-8727,8
16-1903,8
16-9340,8
16-5787,8
16-7933,8
16-2674,8
16-4283,8
16-4636,8
16-4634,8
16-3682,8
16-4538,8
16-2089,8
16-0691,8
16-3712,8
16-3243,8
16-3464,8
16-4850,8
16-1855,8
16-1860,8
16-4257,8
16-2729,8
16-5388,8
16-5459,8
16-6687,8
16-3539,8
16-8137,8
16-0151,8
16-3390,8
16-8110,8
16-6176,8
16-2723,8
16-9433,8
16-0433,8
16-0041,8
16-5957,8
16-12385,8
16-5184,8
16-2743,8
16-2911,8
16-9927,8
16-7247,8
16-0462,8
16-5843,8
16-5552,8
16-4646,8
16-9296,8
16-16797,8
16-19758,8
16-5190,8
16-9402,8
16-7969,8
16-9315,8
16-2914,8
16-0319,8
16-8876,8
16-4563,8
16-9260,8
16-4458,8
16-1253,8
16-6724,8
16-9287,8
16-9442,8
16-3357,8
16-8563,8
16-5746,8
16-2451,8
16-2208,8
16-4379,8
16-2377,8
16-9484,8
16-4753,8
16-7654,8
16-5534,8
16-9883,8
16-9872,8
16-8107,8
16-8802,8
16-8249,8
16-7502,8
16-2724,8
16-3457,8
16-4246,8
16-8234,8
16-9323,8
16-4076,8
16-5487,8
16-4542,8
16-2867,8
16-7764,8
16-2384,8
16-4919,8
16-3670,8
16-9072,8
16-9678,8
16-5979,8
16-9948,8
16-9417,8
16-7833,8
16-2889,8
16-7749,8
16-8668,8
16-14887,8
16-0650,8
16-9284,8
16-7413,8
16-8661,8
16-7363,8
16-8935,8
16-9633,8
16-4670,8
16-7803,8
16-8624,8
16-7144,8
16-9527,8
16-8075,8
16-1348,8
16-3592,8
16-4566,8
16-6646,8
16-3230,8
16-4910,8
16-6920,8
16-9335,8
16-4825,8
16-7589,8
16-8005,8
16-9862,8
16-9495,8
16-9959,8
16-3927,8
16-9020,8
16-5903,8
16-5662,8
16-9989,8
16-6127,8
16-7032,8
16-9386,8
16-7860,8
16-19179,8
16-6231,8
16-8887,8
16-7862,8
16-8538,8
16-7789,8
16-9275,8
16-6043,8
16-7462,8
16-18095,8
16-2337,8
16-8917,8
16-2577,8
16-2953,8
16-8409,8
16-9532,4
16-5172,8
16-4304,8
16-9834,8
16-7225,8
16-4003,8
16-5695,8
16-0944,8
16-9188,8
16-4864,8
16-4757,8
16-9276,8
16-5841,8
16-9519,8
16-7602,8
16-3115,8
16-0750,8
16-5538,8
16-0882,8
16-7515,8
16-0671,8
16-0772,8
16-3852,8
16-0677,8
16-9419,8
16-3724,8
16-1513,8
16-5883,8
16-6276,4
16-3502,8
16-5449,8
16-5953,8
16-4884,8
16-9163,8
16-5786,8
16-19618,8
16-8074,8
16-9352,8
16-6908,8
16-9770,8
16-7544,8
16-1148,8
16-3718,8
16-1393,8
16-7325,8
16-4929,8
16-4952,8
16-9852,8
16-2793,8
16-18772,8
16-8877,8
16-7129,8
16-3790,8
16-6681,8
16-1384,8
16-1343,8
16-9716,8
16-6129,8
16-6692,8
16-5718,8
16-2598,8
16-6439,8
16-3480,8
16-3154,8
16-5086,8
16-3384,8
16-2496,8
16-8600,8
16-9619,8
16-8934,8
16-3876,8
16-4974,8
16-1947,8
16-2093,8
16-4669,8
16-9786,8
16-9400,8
16-19301,8
16-2020,8
16-2618,8
16-5182,8
16-13727,8
16-6648,8
16-7935,8
16-3917,8
16-5375,8
16-8341,8
16-0131,8
16-1930,4
16-4290,8
16-0711,8
16-3143,8
16-5825,8
16-6156,8
16-3913,8
16-3185,8
16-8433,8
16-3353,8
16-8198,8
16-5701,8
16-1882,8
16-4645,8
16-1868,8
16-2961,8
16-4124,8
16-2325,8
16-0917,8
16-18551,8
16-8220,8
16-6187,8
16-8288,8
16-2361,8
16-7265,8
16-3142,8
16-8416,8
16-0739,8
16-2129,8
16-4155,8
16-4591,8
16-4314,8
16-1772,8
16-2997,8
16-0142,8
16-5346,8
16-9635,8
16-0006,8
16-0530,8
16-7156,8
16-8029,8
16-6528,8
16-2893,8
16-7215,8
16-6532,8
16-6172,8
16-0843,8
16-2638,8
16-5272,8
16-3241,8
16-8239,8
16-13296,8
16-5639,8
16-0068,8
16-6806,8
16-4326,8
16-0512,8
16-0394,8
16-5124,8
16-5294,8
16-8636,8
16-2982,8
16-1522,8
16-0925,8
16-0805,8
16-8078,8
16-13230,8
16-0812,8
16-0337,8
16-9160,8
16-8152,8
16-0584,8
16-0792,8
16-3475,8
16-8735,8
16-0761,8
16-5876,8
16-6782,8
16-6988,8
16-18274,8
16-9187,8
16-6581,8
16-6415,8
16-3818,8
16-8410,8
16-8732,8
16-8201,8
16-9368,8
16-2865,8
16-0038,8
16-9649,8
16-0280,8
16-5761,8
16-2363,8
16-8566,8
16-4925,8
16-8616,8
16-6268,8
16-4369,8
16-5056,8
16-7220,8
16-1885,8
16-5055,8
16-9228,8
16-8821,8
16-9930,8
16-9018,8
16-9454,8
16-1756,8
16-6613,8
16-2700,8
16-9464,8
16-4149,8
16-2340,8
16-2709,8
16-2401,8
16-1795,8
16-5849,8
16-5446,8
16-8669,8
16-18759,8
16-6117,8
16-4845,8
16-7964,8
16-7047,8
16-4979,8
16-9099,8
16-8882,8
16-3832,8
16-0043,8
16-0214,8
16-7060,8
16-9359,8
16-9428,8
16-3347,8
16-6861,8
16-5771,8
16-4303,8
16-6609,8
16-6693,8
16-5823,8
16-8191,8
16-4888,8
16-5074,8
16-14851,8
16-2660,8
16-3661,8
16-2535,8
16-2455,8
16-3745,8
16-5064,8
16-7374,8
16-4895,8
16-7470,8
16-4977,8
16-2603,8
16-6631,8
16-7647,8
16-8792,8
16-9789,8
16-4543,8
16-8380,8
16-5401,8
16-0162,8
16-4087,4
16-9127,8
16-3920,8
16-3631,8
16-1961,8
16-9623,8
16-6294,8
16-7356,8
16-8292,8
16-7273,8
16-6621,8
16-2357,8
16-6425,8
16-14960,8
16-2328,8
16-2059,8
16-6972,8
16-6983,8
16-6296,8
16-5511,8
16-4699,8
16-6484,8
16-4221,8
16-9602,8
16-9839,8
16-9581,8
16-9223,8
16-5158,8
16-4775,8
16-2330,8
16-1390,8
16-2691,8
16-2737,8
16-1661,8
16-8609,8
16-9544,8
16-7914,8
16-9487,8
16-8692,8
16-8393,8
16-5024,8
16-9294,8
16-5410,8
16-16976,8
16-9465,8
16-3171,8
16-5822,8
16-13137,8
16-3054,8
16-4998,8
16-1485,8
16-2884,8
16-6034,8
16-0888,8
16-0680,8
16-3576,8
16-1134,8
16-6258,8
16-2883,8
16-9947,8
16-2668,8
16-4598,8
16-5986,8
16-9881,8
16-6402,8
16-8501,8
16-6950,8
16-3532,8
16-7619,8
16-6751,8
16-8309,8
16-2725,8
16-12413,8
16-8852,8
16-3503,8
16-2661,8
16-4095,8
16-3231,8
16-5157,8
16-8506,8
16-0825,8
16-8654,8
16-6101,8
16-9034,8
16-7027,8
16-5652,8
16-7965,8
16-5644,8
16-8619,8
16-19498,8
16-7804,8
16-8330,8
16-7500,8
16-3842,8
16-18740,8
16-6887,8
16-9489,8
16-18021,8
16-5993,8
16-9878,8
16-3402,8
16-8759,8
16-8649,8
16-6667,8
16-0496,8
16-0448,8
16-5300,8
16-0495,8
16-1800,8
16-2591,8
16-7568,8
16-4614,8
16-4899,8
16-7626,8
16-7203,8
16-4529,8
16-5750,8
16-1833,4
16-3205,8
16-6849,8
16-9629,8
16-4861,8
16-6386,8
16-6678,8
16-6352,8
16-0766,8
16-0823,8
16-6369,8
16-0704,8
16-3377,8
16-6424,8
16-0763,8
16-6844,8
16-2719,8
16-3585,8
16-3800,8
16-3590,8
16-4690,8
16-6805,8
16-5340,8
16-9468,8
16-4298,8
16-3448,8
16-7190,8
16-0754,8
16-0975,8
16-5053,8
16-0620,8
16-0651,8
16-9100,8
16-6115,8
16-5580,8
16-6630,8
16-0104,8
16-2413,8
16-1992,8
16-1773,8
16-4480,8
16-0095,8
16-0538,8
16-0380,8
16-0305,8
16-3305,8
16-9135,8
16-0140,8
16-0124,8
16-0110,8
16-0247,8
16-5111,8
16-0039,8
16-4675,8
16-0526,8
16-9396,8
16-0471,8
16-4382,8
16-7327,8
16-8849,8
16-0035,8
16-2505,8
16-3446,8
16-0965,8
16-3258,8
16-3288,8
16-2319,8
16-4296,8
16-2145,8
16-5502,8
16-7639,8
16-6392,8
16-4378,8
16-7677,8
16-7664,8
16-3669,8
16-6349,8
16-0839,8
16-5241,8
16-4822,8
16-0519,8
16-8204,8
16-0085,8
16-7416,8
16-7886,8
16-4051,8
16-14659,8
16-8138,8
16-6502,8
16-6301,8
16-0213,8
16-5194,8
16-2360,8
16-3737,8
16-4320,8
16-9530,8
16-0018,8
16-7620,8
16-6757,8
16-2541,8
16-0480,8
16-8557,8
16-0225,8
16-0057,8
16-0421,8
16-7005,8
16-9199,8
16-6919,8
16-3203,8
16-5470,8
16-4209,8
16-8182,8
16-0062,8
16-4249,8
16-2365,8
16-0894,8
16-3329,8
16-2394,8
16-6530,8
16-5372,8
16-2275,8
16-7415,8
16-0465,8
16-19124,8
16-9894,8
16-6326,8
16-4457,8
16-1824,8
16-0363,8
16-0120,8
16-10000,8
16-18791,8
16-8820,8
16-4406,8
16-3577,8
16-0009,8
16-8227,8
16-0941,8
16-6346,8
16-2055,8
16-5735,8
16-7707,8
16-5442,8
16-0209,8
16-3213,8
16-5880,8
16-8062,8
16-5744,8
16-1001,8
16-8385,8
16-6779,8
16-5407,8
16-4593,8
16-3294,8
16-6900,8
16-6634,8
16-0317,4
16-0210,8
16-3603,8
16-7429,8
16-0709,8
16-5716,8
16-5380,8
16-6150,8
16-2449,8
16-6059,8
16-6361,8
16-3998,8
16-9652,8
16-7456,8
16-4123,8
16-0021,8
16-0569,8
16-4362,8
16-0295,8
16-3425,8
16-6946,8
16-3345,8
16-7034,8
16-3454,8
16-2900,8
16-0431,8
16-1515,8
16-7110,8
16-8769,8
16-0290,8
16-0362,8
16-0176,8
16-1419,8
16-0375,8
16-4276,8
16-0488,8
16-7330,8
16-4447,8
16-7291,8
16-5115,8
16-5730,8
16-3587,8
16-5393,8
16-3729,8
16-2578,8
16-3700,8
16-8921,8
16-0083,8
16-4782,8
16-0768,8
16-4433,8
16-5046,8
16-2112,8
16-3991,8
16-5012,8
16-7755,8
16-0552,8
16-4837,8
16-6070,8
16-6308,8
16-0731,8
16-1398,8
16-0118,8
16-5753,8
16-3389,8
16-3090,8
16-7158,8
16-1939,8
16-4160,8
16-7019,8
16-6723,8
16-5032,8
16-5233,8
16-3578,8
16-7522,8
16-2329,8
16-5665,8
16-6500,8
16-5189,8
16-9331,8
16-17403,8
16-3485,8
16-19544,8
16-2933,8
16-7593,8
16-3285,8
16-8968,8
16-5576,8
16-4932,8
16-1058,8
16-4870,8
16-8558,8
16-2689,8
16-7741,8
16-7243,8
16-4718,8
16-0377,8
16-3028,8
16-6007,8
16-2427,8
16-3041,8
16-6918,8
16-3904,8
16-0490,8
16-2803,8
16-9146,8
16-3274,8
16-11998,8
16-6300,8
16-0217,8
16-4582,8
16-8281,8
16-1383,8
16-0903,8
16-7058,8
16-2846,8
16-2886,8
16-1993,8
16-3145,8
16-7226,8
16-1761,8
16-4976,8
16-5262,8
16-8817,8
16-2876,8
16-7000,8
16-4760,8
16-5029,8
16-0969,8
16-0718,8
16-3727,8
16-7286,8
16-3834,8
16-3689,8
16-9840,8
16-5138,8
16-5546,8
16-9564,8
16-11991,8
16-3319,8
16-3001,8
16-5361,8
16-6071,8
16-0902,8
16-19015,8
16-7195,8
16-7715,4
16-2182,8
16-9049,8
16-7540,8
16-3591,8
16-9798,8
16-2656,8
16-7466,8
16-6921,8
16-0645,8
16-8705,8
16-5007,8
16-14986,8
16-3649,8
16-7494,8
16-8522,8
16-8273,8
16-4138,8
16-6406,8
16-18339,8
16-7802,8
16-6033,8
16-8408,8
16-1397,8
16-5081,8
16-4609,8
16-4263,8
16-9583,8
16-7731,8
16-8650,8
16-4524,8
16-5146,8
16-5176,8
16-3898,8
16-2806,8
16-5305,8
16-8116,8
16-4134,8
16-0437,8
16-9452,8
16-3714,8
16-2407,8
16-7172,8
16-9630,8
16-9760,8
16-8268,8
16-0597,8
16-3995,8
16-0767,8
16-2085,8
16-0687,8
16-0284,8
16-9691,8
16-9749,8
16-4911,8
16-4750,8
16-3422,8
16-5543,8
16-5902,8
16-5299,8
16-4569,8
16-9680,8
16-0309,8
16-9461,8
16-9710,8
16-2794,8
16-2594,8
16-2485,8
16-7361,8
16-4500,8
16-2665,8
16-6032,8
16-7816,8
16-6570,8
16-8687,8
16-8837,8
16-8589,8
16-5930,8
16-5918,8
16-6512,8
16-0937,8
16-5373,8
16-8728,8
16-9142,8
16-8987,8
16-7170,8
16-3204,8
16-7188,8
16-9204,8
16-0998,8
16-3739,8
16-1827,8
16-7410,8
16-5818,8
16-7781,8
16-8212,8
16-4751,8
16-9748,8
16-4432,8
16-7584,8
16-4245,8
16-6351,8
16-8853,8
16-6914,8
16-9220,8
16-6462,8
16-9252,8
16-6627,8
16-9896,8
16-9902,8
16-6052,8
16-9246,8
16-7002,8
16-2675,8
16-3178,8
16-8562,8
16-4823,8
16-7053,8
16-4933,8
16-9909,8
16-7809,8
16-8910,8
16-6710,8
16-4752,8
16-4403,8
16-4387,8
16-8054,8
16-1004,8
16-5180,8
16-2240,8
16-9660,8
16-0732,8
16-3872,8
16-5101,8
16-5386,8
16-2366,8
16-8740,8
16-5704,8
16-9320,8
16-7705,8
16-6084,8
16-14810,8
16-7973,8
16-3579,8
16-4790,8
16-7634,8
16-7630,8
16-7745,8
16-3257,8
16-5103,8
16-1124,8
16-2611,8
16-3662,8
16-7541,8
16-5756,8
16-4590,8
16-14649,4
16-6259,8
16-9203,8
16-14565,8
16-8290,8
16-4262,8
16-8211,8
16-5959,8
16-5329,8
16-14763,8
16-2079,8
16-1478,8
16-3612,8
16-0586,8
16-1831,8
16-6240,8
16-0686,8
16-1869,8
16-5136,8
16-6498,8
16-3594,8
16-0343,8
16-12060,8
16-4335,8
16-9128,8
16-3773,8
16-5231,8
16-2416,8
16-14376,8
16-9546,4
16-8862,8
16-7388,8
16-9288,8
16-13748,8
16-5312,8
16-5831,8
16-8132,8
16-5456,8
16-6200,8
16-8289,8
16-4395,8
16-0889,8
16-6056,8
16-0349,8
16-8637,8
16-9343,8
16-3367,8
16-2673,8
16-3554,8
16-6557,8
16-6225,8
16-1954,8
16-2761,8
16-11357,8
16-0993,8
16-6694,8
16-14919,8
16-8776,8
16-5561,8
16-8983,8
16-7458,8
16-5607,8
16-9600,8
16-8025,8
16-8543,8
16-1145,8
16-2156,8
16-3018,8
16-9598,8
16-5352,8
16-0457,8
16-8603,8
16-7386,8
16-8326,8
16-0705,8
16-2633,8
16-7793,8
16-3515,8
16-3973,8
16-2342,8
16-4548,8
16-7457,8
16-18114,8
16-5789,8
16-0565,8
16-3492,8
16-8305,8
16-3652,8
16-5175,8
16-4518,8
16-8254,8
16-0535,8
16-6588,8
16-1717,8
16-0339,8
16-0186,8
16-4727,8
16-4251,8
16-8053,8
16-7260,8
16-6566,8
16-5862,8
16-5422,8
16-8912,8
16-3932,8
16-0629,8
16-6580,8
16-8953,8
16-9953,8
16-2766,8
16-0821,8
16-1000,8
16-8943,8
16-6380,8
16-9718,8
16-5991,8
16-9792,8
16-12566,8
16-8973,8
16-9084,8
16-5131,4
16-3533,8
16-8340,8
16-4667,8
16-7350,8
16-0572,8
16-0638,8
16-6935,8
16-0757,8
16-3678,8
16-9445,8
16-9641,8
16-2739,8
16-6703,8
16-8989,8
16-3654,8
16-0148,8
16-2445,8
16-3047,8
16-4944,8
16-7776,4
16-9134,8
16-8435,8
16-0890,8
16-5195,8
16-3414,8
16-8561,8
16-7673,8
16-1140,8
16-7157,8
16-5612,8
16-4392,8
16-0096,4
16-2574,8
16-4604,8
16-15927,8
16-8481,8
16-3841,8
16-8386,8
16-9690,8
16-8848,8
16-8489,8
16-19690,8
16-3215,8
16-2801,8
16-9851,8
16-6364,8
16-6995,8
16-5245,8
16-9986,8
16-3261,8
16-5050,8
16-5909,8
16-0052,8
16-0737,8
16-4877,8
16-8646,8
16-2539,8
16-8715,8
16-7278,8
16-5133,8
16-7817,8
16-2386,8
16-0892,8
16-6639,8
16-9407,8
16-6856,8
16-6845,8
16-4695,8
16-7154,8
16-4960,8
16-8999,8
16-4475,8
16-6062,8
16-6468,8
16-7710,8
16-3122,4
16-8508,8
16-4053,8
16-6618,8
16-7073,8
16-7372,8
16-7723,8
16-8581,8
16-5429,8
16-6842,8
16-4526,8
16-9361,8
16-5994,8
16-4818,8
16-6108,8
16-6286,8
16-3094,8
16-5173,8
16-5363,8
16-1333,8
16-7905,8
16-0556,8
16-4030,8
16-1588,8
16-3826,8
16-0809,8
16-4356,8
16-4244,8
16-8655,8
16-1818,8
16-8452,8
16-0378,8
16-2104,8
16-1199,8
16-4467,8
16-3468,8
16-8829,8
16-9384,8
16-3611,8
16-5748,8
16-4071,8
16-2898,8
16-4031,8
16-2128,8
16-0327,8
16-2954,8
16-3713,8
16-3209,8
16-0780,4
16-6198,8
16-9829,8
16-8441,8
16-8282,8
16-5567,8
16-2720,8
16-5445,8
16-0956,8
16-6933,8
16-3351,8
16-0133,8
16-7662,8
16-0521,8
16-0741,8
16-1624,8
16-4531,8
16-2140,8
16-5205,8
16-0560,8
16-0634,8
16-4311,8
16-5072,8
16-4648,8
16-2374,8
16-0310,8
16-6180,8
16-9711,8
16-7319,8
16-8100,8
16-9732,4
16-2838,8
16-2792,8
16-0599,8
16-5324,8
16-5127,8
16-8653,8
16-4527,8
16-7269,8
16-4635,8
16-3540,8
16-7850,8
16-9570,8
16-7786,8
16-6316,8
16-2687,8
16-9293,8
16-3507,8
16-6325,8
16-0256,8
16-3212,8
16-5211,8
16-3888,8
16-9836,8
16-4040,8
16-0822,8
16-0266,8
16-6218,8
16-2881,8
16-6827,8
16-5008,8
16-0395,8
16-3002,8
16-2908,8
16-6651,8
16-3939,8
16-6741,8
16-4767,8
16-2685,8
16-7967,8
16-7109,8
16-2958,8
16-3348,8
16-2597,8
16-0870,8
16-2039,8
16-6869,8
16-7316,8
16-8945,8
16-4167,8
16-7093,8
16-7696,8
16-4099,8
16-0315,8
16-3971,8
16-7706,8
16-6702,8
16-5139,8
16-4488,8
16-14593,8
16-7509,8
16-6994,8
16-9622,8
16-4770,8
16-4410,8
16-3026,8
16-6040,8
16-2732,8
16-9176,8
16-9029,8
16-4255,8
16-9028,8
16-4684,8
16-2653,8
16-2462,8
16-9609,8
16-2041,8
16-3168,8
16-8990,8
16-3693,8
16-2179,8
16-0504,8
16-2417,8
16-6137,8
16-10790,8
16-9982,8
16-3836,8
16-3523,8
16-4350,8
16-2991,8
16-5800,8
16-4188,8
16-4381,8
16-8134,8
16-3125,8
16-9491,8
16-8567,8
16-6922,8
16-7727,8
16-1696,8
16-6672,8
16-6831,8
16-9764,8
16-8337,8
16-5327,8
16-9118,8
16-9217,8
16-2819,8
16-2615,8
16-0830,4
16-0510,8
16-7214,8
16-4483,8
16-1732,8
16-2023,8
16-2903,8
16-1301,8
16-5513,4
16-6882,8
16-4306,8
16-5447,8
16-9425,8
16-3546,8
16-4474,8
16-8578,8
16-2288,8
16-8947,8
16-8974,8
16-6113,8
16-5423,8
16-4875,8
16-4402,8
16-6249,8
16-19079,8
16-3667,8
16-4469,8
16-5526,8
16-7908,8
16-7989,8
16-8565,8
16-8248,8
16-7446,8
16-5565,8
16-8733,8
16-2400,8
16-4558,8
16-3432,8
16-8724,8
16-8457,8
16-9588,8
16-9449,8
16-7713,8
16-6102,8
16-1764,8
16-3120,8
16-5168,8
16-8450,8
16-9305,8
16-5213,8
16-0111,8
16-6408,8
16-5739,8
16-5980,8
16-8089,8
16-6775,8
16-3549,8
16-1902,8
16-6323,8
16-5924,8
16-1506,8
16-2122,8
16-4484,8
16-19815,8
16-19272,4
16-9972,8
16-12947,8
16-3406,8
16-13841,8
16-3928,8
16-6999,8
16-7450,8
16-6442,8
16-18362,8
16-8553,8
16-6335,8
16-5202,8
16-6499,8
16-7628,8
16-9501,8
16-8556,8
16-7131,8
16-0676,8
16-8264,8
16-4058,8
16-8575,8
16-3814,8
16-9925,8
16-8262,8
16-4267,8
16-5178,8
16-9627,8
16-5868,8
16-4826,8
16-4491,8
16-4728,8
16-7149,8
16-7353,8
16-9969,8
16-8237,8
16-3301,8
16-7623,8
16-7609,8
16-5309,8
16-13923,8
16-3034,8
16-5851,8
16-6002,8
16-9720,8
16-9659,8
16-4090,8
16-9967,8
16-1509,8
16-7020,8
16-8593,8
16-4226,8
16-7559,8
16-6281,8
16-5496,8
16-14220,8
16-18393,8
16-8477,8
16-7795,8
16-6423,8
16-1467,8
16-5983,8
16-6447,8
16-8984,8
16-7166,8
16-7366,8
16-7267,8
16-6541,8
16-6659,8
16-3510,8
16-7940,8
16-3222,8
16-8868,8
16-6490,8
16-5708,8
16-6592,8
16-6153,8
16-3547,8
16-9186,8
16-5901,8
16-9523,8
16-6199,8
16-17559,8
16-4793,8
16-8127,8
16-0708,8
16-9068,8
16-9699,8
16-14574,8
16-4413,8
16-3449,8
16-7067,8
16-8855,8
16-4048,8
16-6394,8
16-0662,8
16-0147,8
16-1884,8
16-0187,8
16-3059,8
16-3354,8
16-8396,8
16-3738,8
16-0412,8
16-4729,8
16-2382,8
16-4803,8
16-0729,8
16-7433,8
16-6202,8
16-6737,8
16-1536,8
16-8354,8
16-2631,8
16-0609,8
16-9206,8
16-4386,8
16-0159,8
16-2546,8
16-0528,8
16-2810,8
16-2304,8
16-1135,8
16-2045,8
16-19971,8
16-9285,8
16-9490,8
16-3756,8
16-8533,8
16-8870,8
16-3220,8
16-0641,8
16-0055,8
16-8099,8
16-2802,8
16-5797,8
16-12568,8
16-8073,4
16-3382,8
16-9907,8
16-4429,8
16-1232,8
16-6004,8
16-2847,8
16-9826,8
16-6109,8
16-5187,8
16-7013,8
16-5842,8
16-5717,8
16-5799,8
16-5196,8
16-4585,8
16-8599,8
16-3355,8
16-2586,8
16-7555,8
16-13657,8
16-5867,8
16-7724,8
16-11151,8
16-5657,8
16-8969,8
16-3680,8
16-7587,8
16-2396,8
16-3626,8
16-6748,8
16-0015,8
16-9269,8
16-9557,8
16-1410,8
16-14468,8
16-0997,8
16-4077,8
16-5236,8
16-8296,8
16-14456,8
16-8125,8
16-6373,8
16-2939,8
16-14064,8
16-8894,8
16-9943,8
16-9868,8
16-6963,8
16-8263,8
16-6584,8
16-7510,8
16-4436,8
16-6184,4
16-7672,8
16-5310,8
16-8633,8
16-3104,8
16-9567,8
16-2477,8
16-2974,8
16-2788,8
16-0074,8
16-6021,8
16-7367,8
16-8037,8
16-9328,8
16-5752,8
16-0835,8
16-5011,8
16-0478,8
16-5989,8
16-6212,8
16-4755,8
16-5643,8
16-7476,8
16-14157,8
16-6341,8
16-2601,8
16-3586,8
16-8840,8
16-3038,8
16-7127,8
16-6818,8
16-4380,8
16-8762,8
16-9707,8
16-8507,8
16-19491,8
16-6596,8
16-19031,8
16-2869,8
16-6945,8
16-7334,8
16-8269,8
16-7422,8
16-6763,8
16-1361,8
16-1628,8
16-8276,8
16-8068,8
16-2196,8
16-8995,8
16-8781,8
16-5418,8
16-7268,8
16-7261,8
16-9809,8
16-1342,8
16-0784,8
16-0464,8
16-0373,8
16-0130,8
16-3103,8
16-6126,8
16-15335,8
16-4954,8
16-3956,8
16-4856,8
16-4055,8
16-9846,8
16-5606,8
16-6027,8
16-9664,8
16-5611,8
16-3551,8
16-6785,8
16-11885,8
16-3969,8
16-2550,8
16-6182,8
16-7774,8
16-2241,8
16-9397,8
16-9330,8
16-7656,8
16-4112,8
16-6690,8
16-8676,8
16-5896,8
16-5405,8
16-9995,4
16-7508,8
16-8033,8
16-5670,8
16-14736,8
16-11120,8
16-8236,8
16-5691,8
16-13220,8
16-3901,8
16-9008,8
16-0503,8
16-3567,8
16-2034,8
16-6112,8
16-6452,8
16-6515,8
16-2632,8
16-6713,8
16-9554,8
16-6807,8
16-0961,8
16-6640,8
16-1433,8
16-1617,8
16-8126,8
16-3247,8
16-1067,8
16-5453,8
16-5650,8
16-5220,8
16-5571,8
16-9751,8
16-0385,8
16-5434,8
16-0898,8
16-5847,8
16-3495,8
16-2136,8
16-4594,8
16-2453,8
16-2388,8
16-7932,8
16-9853,8
16-9757,8
16-4079,8
16-8325,8
16-4240,8
16-0715,8
16-0668,8
16-2113,8
16-3152,8
16-8344,8
16-11970,8
16-8358,8
16-6591,8
16-6085,8
16-8883,8
16-0985,8
16-7064,8
16-9788,8
16-9615,8
16-3144,8
16-5130,8
16-6065,8
16-8147,8
16-5805,8
16-9979,8
16-4535,8
16-3558,8
16-0877,8
16-3307,8
16-7324,8
16-8992,8
16-7520,8
16-6114,8
16-4607,8
16-6207,8
16-8751,8
16-9044,8
16-14373,8
16-7901,8
16-1198,8
16-4285,8
16-5467,8
16-3702,8
16-19740,8
16-8782,8
16-6106,8
16-7763,8
16-4768,8
16-4348,8
16-8742,8
16-6047,8
16-3726,8
16-9569,8
16-9150,8
16-6094,8
16-6376,8
16-8662,8
16-5698,8
16-4879,8
16-8582,8
16-5270,8
16-5653,8
16-8462,8
16-8286,8
16-8586,8
16-8156,8
16-4673,8
16-3946,8
16-6278,8
16-7306,8
16-9812,8
16-14800,8
16-6037,8
16-2308,8
16-6403,8
16-6783,8
16-8080,8
16-8664,8
16-5820,8
16-0816,8
16-14390,8
16-8634,8
16-1950,8
16-3601,8
16-4719,8
16-3811,8
16-7788,8
16-14447,8
16-5075,8
16-19585,8
16-8479,8
16-3255,8
16-0669,8
16-7345,8
16-6441,8
16-0143,8
16-7726,8
16-7333,8
16-2151,8
16-8505,8
16-7758,8
16-6709,8
16-9077,8
16-12578,8
16-3340,8
16-4640,8
16-4179,8
16-6540,8
16-5519,8
16-7017,8
16-0695,8
16-9565,8
16-0871,8
16-0810,8
16-1655,8
16-1787,8
16-4959,8
16-9670,8
16-3078,8
16-5033,8
16-7493,8
16-8370,8
16-8996,8
16-4011,8
16-6505,8
16-5945,8
16-7545,8
16-4724,8
16-7219,8
16-1801,8
16-2686,8
16-7301,8
16-9366,8
16-9181,8
16-7380,8
16-2842,8
16-7478,8
16-3070,8
16-6647,8
16-5804,8
16-8879,8
16-13334,8
16-5088,8
16-0696,8
16-9378,8
16-1055,8
16-3993,8
16-4451,8
16-3982,4
16-8764,8
16-9218,8
16-8180,8
16-4871,8
16-5415,8
16-7400,8
16-2091,8
16-4643,8
16-5181,8
16-9777,8
16-7614,8
16-8757,8
16-7036,8
16-6204,8
16-7884,8
16-9889,8
16-5975,8
16-5440,8
16-8448,8
16-7182,8
16-8230,8
16-1913,8
16-7832,8
16-0795,8
16-9548,8
16-6337,8
16-6238,8
16-7479,8
16-0608,8
16-2834,8
16-8102,8
16-8521,8
16-6934,8
16-7503,8
16-19319,8
16-3126,8
16-8959,8
16-8356,8
16-6828,8
16-5514,8
16-8168,8
16-5235,8
16-7527,8
16-17431,8
16-7459,8
16-2036,8
16-6936,8
16-3022,8
16-9459,8
16-5729,8
16-18952,8
16-8623,8
16-12744,8
16-4948,8
16-9473,8
16-3552,8
16-9796,8
16-7098,8
16-5021,8
16-6232,8
16-7096,8
16-9721,8
16-5770,8
16-4824,8
16-5738,8
16-9509,8
16-1558,8
16-5290,8
16-4365,8
16-0109,8
16-3149,8
16-9608,8
16-8214,8
16-4937,8
16-8480,8
16-2410,8
16-9391,8
16-8310,8
16-9516,8
16-7979,8
16-3541,8
16-9381,8
16-4349,8
16-11148,8
16-18061,8
16-3924,8
16-3137,8
16-3817,8
16-7121,8
16-0367,8
16-6036,8
16-0837,8
16-5564,8
16-8247,8
16-5904,8
16-8734,8
16-8540,8
16-9422,8
16-9923,8
16-6416,8
16-6664,8
16-7928,8
16-7830,8
16-0595,8
16-0013,8
16-3986,8
16-1966,8
16-4574,8
16-8052,8
16-2484,8
16-6321,8
16-0081,8
16-6124,8
16-17500,8
16-9254,8
16-2703,8
16-2324,8
16-5118,8
16-7239,8
16-6427,8
16-4459,8
16-8843,8
16-5626,8
16-3582,8
16-2713,8
16-0243,8
16-13390,8
16-0466,8
16-6472,8
16-8320,8
16-3563,8
16-8071,8
16-3859,8
16-9579,8
16-6942,8
16-7762,8
16-7412,8
16-7699,8
16-4023,8
16-11599,8
16-9027,8
16-9436,8
16-1904,8
16-7314,8
16-6174,8
16-5864,8
16-14944,8
16-1377,8
16-2635,8
16-3716,8
16-0548,8
16-8055,8
16-4438,8
16-11038,8
16-5441,8
16-4275,8
16-19352,8
16-8545,8
16-6158,8
16-8800,8
16-6691,8
16-8161,8
16-2527,8
16-0322,8
16-0157,8
16-4580,8
16-3310,8
16-3596,8
16-1823,8
16-7468,8
16-8260,8
16-5658,8
16-9597,8
16-8473,8
16-7744,8
16-5692,8
16-8948,8
16-2353,8
16-7304,8
16-4110,8
16-4711,8
16-2693,8
16-3915,8
16-8867,8
16-5275,8
16-6298,8
16-7417,8
16-5217,8
16-4427,8
16-8841,8
16-6728,8
16-7475,8
16-7222,8
16-3283,8
16-5962,8
16-6932,8
16-0042,8
16-2106,8
16-9746,8
16-0972,8
16-6209,8
16-2312,8
16-9662,8
16-4792,8
16-5727,8
16-3132,8
16-4794,8
16-4682,8
16-9722,8
16-3858,8
16-8003,8
16-5871,8
16-3687,8
16-5569,8
16-0829,8
16-7624,8
16-2593,8
16-6904,8
16-4947,8
16-5783,8
16-4860,8
16-4468,8
16-5728,8
16-2978,8
16-1847,8
16-9904,8
16-16845,8
16-6005,8
16-4073,8
16-4213,8
16-3236,8
16-0358,4
16-9951,8
16-4131,8
16-2744,8
16-8209,8
16-0604,8
16-2202,8
16-0460,8
16-1677,8
16-5570,8
16-7946,8
16-6193,8
16-1641,8
16-7912,8
16-5676,8
16-5147,8
16-6435,8
16-2561,8
16-3844,8
16-8670,8
16-3990,8
16-8723,8
16-9906,8
16-7186,8
16-7615,8
16-3063,8
16-8421,8
16-4164,8
16-5197,8
16-9273,8
16-7434,8
16-8886,8
16-18773,8
16-9317,8
16-6973,8
16-8754,8
16-7875,8
16-4132,8
16-9697,8
16-5126,8
16-7227,8
16-3996,8
16-5105,8
16-9871,8
16-7563,8
16-3952,8
16-1230,8
16-4198,8
16-2177,8
16-4748,8
16-8542,8
16-4691,8
16-1956,8
16-5261,8
16-7738,8
16-14820,8
16-3707,8
16-9911,8
16-4327,8
16-9017,8
16-7389,8
16-7644,8
16-13660,8
16-7164,8
16-3951,8
16-7613,8
16-0752,8
16-4625,8
16-3259,8
16-6605,8
16-14677,8
16-0102,8
16-2751,8
16-3632,8
16-19591,8
16-12916,8
16-5624,8
16-9437,8
16-7305,8
16-14004,8
16-0769,8
16-3214,8
16-2964,8
16-4456,8
16-0331,8
16-8376,8
16-8621,8
16-0602,8
16-5660,8
16-4601,8
16-3912,8
16-9681,8
16-3416,8
16-1054,8
16-5574,8
16-6310,8
16-5968,8
16-6851,8
16-4297,8
16-8353,8
16-8810,8
16-6890,8
16-8133,8
16-5810,8
16-2446,8
16-0418,8
16-3221,8
16-2595,4
16-4419,8
16-5132,8
16-9877,8
16-7008,8
16-4756,8
16-1893,8
16-3302,8
16-5298,8
16-0115,8
16-7574,8
16-1874,2
16-8871,8
16-0292,8
16-8119,8
16-9847,8
16-9108,4
16-0173,8
16-0420,8
16-8226,8
16-2282,8
16-3445,8
16-0145,4
16-7962,8
16-9574,8
16-9938,8
16-4606,8
16-9299,8
16-3584,8
16-3536,4
16-3860,8
16-7035,8
16-4943,8
16-2194,4
16-5742,8
16-6880,8
16-9450,8
16-5966,8
16-4127,8
16-9266,8
16-8139,8
16-6552,8
16-2286,8
16-4199,8
16-1842,8
16-7183,8
16-1345,8
16-6206,8
16-6152,8
16-17287,8
16-4903,8
16-7746,8
16-4176,8
16-0759,8
16-5399,8
16-3509,8
16-2731,8
16-5877,8
16-12083,8
16-3823,8
16-8576,8
16-2696,8
16-3233,8
16-9259,8
16-3089,8
16-8834,8
16-9802,8
16-2757,8
16-1122,8
16-7070,8
16-7695,8
16-4956,8
16-9257,8
16-4859,8
16-9765,8
16-5040,8
16-7577,8
16-9636,8
16-5089,8
16-1434,8
16-0980,8
16-6956,8
16-0405,8
16-1875,8
16-1376,8
16-8555,8
16-13857,8
16-0558,8
16-4106,8
16-3216,8
16-9603,8
16-1766,8
16-3394,8
16-14283,8
16-9311,8
16-1941,8
16-0208,8
16-3269,8
16-4890,8
16-7857,8
16-2161,8
16-14357,8
16-2305,8
16-4969,8
16-3254,8
16-5684,8
16-7899,8
16-3544,8
16-6506,8
16-4802,8
16-4192,8
16-8484,8
16-5249,4
16-0479,8
16-7439,8
16-9729,8
16-3723,8
16-6118,8
16-6398,8
16-7174,8
16-8378,8
16-5807,8
16-9113,8
16-9070,8
16-2776,8
16-0674,8
16-8656,8
16-5485,8
16-3851,8
16-6091,8
16-2662,8
16-7146,8
16-2154,8
16-3621,8
16-8459,8
16-3183,8
16-9513,8
16-8169,8
16-0598,8
16-0646,8
16-11679,8
16-6213,8
16-3983,8
16-7998,8
16-9586,8
16-1863,8
16-9208,8
16-5367,8
16-9178,8
16-4953,8
16-5923,8
16-9936,8
16-8736,8
16-9367,8
16-0053,8
16-8461,8
16-6895,8
16-4838,8
16-2973,8
16-5455,8
16-2786,8
16-1101,8
16-19680,8
16-0958,8
16-7874,8
16-7351,8
16-7136,8
16-3088,8
16-3746,8
16-8570,8
16-4559,8
16-8328,8
16-4887,8
16-2300,8
16-5480,8
16-4151,8
16-2621,8
16-2913,8
16-14577,8
16-6203,8
16-7881,8
16-8812,8
16-19012,8
16-9752,8
16-15384,8
16-6162,8
16-4876,8
16-7911,8
16-19711,8
16-7622,8
16-0863,8
16-2676,8
16-7585,8
16-5598,8
16-5697,8
16-6076,8
16-4128,8
16-7119,8
16-7216,8
16-3795,8
16-5568,8
16-8464,8
16-2813,8
16-7761,8
16-2475,8
16-9168,8
16-9429,8
16-4815,8
16-6411,8
16-5935,8
16-9253,8
16-2519,8
16-8188,8
16-5894,8
16-5248,8
16-5450,8
16-1738,8
16-4012,8
16-5478,8
16-9024,8
16-7867,8
16-7938,8
16-6859,8
16-4067,8
16-7697,8
16-5664,8
16-6381,8
16-9572,8
16-4237,8
16-9231,8
16-2912,8
16-7298,8
16-8898,8
16-2440,8
16-7052,8
16-8228,8
16-4536,8
16-6461,8
16-4497,8
16-5266,8
16-14657,8
16-4966,8
16-7896,8
16-5899,8
16-5276,8
16-6384,8
16-9685,8
16-9298,8
16-5531,8
16-9105,8
16-9520,8
16-3420,8
16-7193,8
16-6554,8
16-13138,8
16-8135,8
16-8895,8
16-6911,8
16-8937,8
16-2310,8
16-6976,8
16-5577,8
16-3785,8
16-4490,8
16-7698,8
16-0910,8
16-9674,8
16-0350,8
16-5439,8
16-5017,8
16-0660,8
16-2733,8
16-0099,4
16-9632,8
16-9887,8
16-8988,8
16-5452,8
16-17023,8
16-7294,8
16-9379,8
16-8343,8
16-5084,8
16-7320,8
16-18903,8
16-9353,8
16-4853,8
16-8880,8
16-3421,8
16-8564,8
16-5013,8
16-3602,8
16-5619,8
16-8731,8
16-5010,8
16-9200,8
16-6409,8
16-7575,8
16-5002,8
16-6558,8
16-9164,8
16-18986,8
16-7179,8
16-6474,8
16-3092,8
16-4610,8
16-6339,8
16-9957,8
16-2564,8
16-6898,8
16-4652,8
16-5350,8
16-9944,8
16-9360,8
16-0813,4
16-6808,8
16-7855,8
16-4081,8
16-0063,8
16-4437,8
16-0168,8
16-5875,8
16-2315,8
16-6975,8
16-0748,8
16-2581,8
16-8753,8
16-3330,8
16-12454,8
16-8026,8
16-0172,8
16-0010,8
16-8510,8
16-5414,8
16-1945,8
16-4015,8
16-3184,8
16-5484,8
16-8530,8
16-3825,8
16-0788,8
16-4187,8
16-5915,8
16-8628,8
16-0849,8
16-0611,8
16-5347,8
16-5796,8
16-3051,8
16-3493,8
16-3005,8
16-5872,8
16-2707,8
16-8217,8
16-9563,8
16-8167,8
16-0335,8
16-5642,8
16-0071,8
16-6356,8
16-6028,8
16-1456,8
16-6355,8
16-3600,8
16-8231,8
16-7688,8
16-0238,8
16-3467,8
16-4963,8
16-0181,8
16-0594,8
16-9097,8
16-7040,8
16-0192,8
16-6951,8
16-0707,8
16-7558,8
16-2501,8
16-4394,8
16-7870,8
16-9189,8
16-7428,8
16-8658,8
16-9286,8
16-9198,8
16-0831,8
16-9025,8
16-8172,8
16-5928,8
16-9946,8
16-1294,8
16-8673,8
16-4125,8
16-0869,8
16-4618,8
16-5798,8
16-5143,8
16-4946,8
16-3166,8
16-6263,8
16-8400,8
16-3638,8
16-0012,8
16-6518,8
16-8980,8
16-1678,8
16-1566,8
16-4121,8
16-0499,8
16-0682,8
16-5433,8
16-8638,8
16-1425,8
16-7236,8
16-13927,8
16-8932,8
16-5773,8
16-8252,8
16-6139,8
16-6297,8
16-6018,8
16-4521,8
16-2690,8
16-5990,8
16-4265,4
16-3839,8
16-3683,8
16-9983,8
16-19887,8
16-7900,8
16-5289,8
16-2217,8
16-7088,8
16-8155,8
16-9726,8
16-0719,8
16-2827,8
16-3981,8
16-8918,8
16-6996,8
16-9453,8
16-7631,8
16-3865,8
16-3610,8
16-0379,8
16-4227,8
16-4086,8
16-0989,4
16-8597,8
16-7846,8
16-6179,8
16-9958,8
16-8864,8
16-6731,8
16-3491,8
16-1918,8
16-8760,8
16-3909,8
16-7519,8
16-5486,8
16-9207,8
16-7837,8
16-2283,4
16-9101,8
16-9791,8
16-9074,8
16-3266,8
16-6046,8
16-7477,8
16-5244,8
16-0635,8
16-0328,8
16-0301,8
16-0005,8
16-9026,4
16-0642,8
16-6655,8
16-1817,8
16-3012,8
16-0673,8
16-0434,8
16-2779,8
16-4148,8
16-0235,8
16-1274,8
16-9364,8
16-0246,8
16-2891,8
16-0296,4
16-0252,8
16-1074,8
16-5721,8
16-3411,8
16-5782,8
16-6418,8
16-6477,8
16-7449,8
16-0107,2
16-0231,8
16-2487,8
16-0374,4
16-9858,8
16-0653,8
16-1429,8
16-0244,8
16-0786,8
16-7209,8
16-0098,8
16-6014,8
16-0134,8
16-1668,4
16-5938,8
16-8640,8
16-0571,8
16-6534,8
16-1100,8
16-9779,8
16-0215,8
16-0273,8
16-2226,8
16-9130,8
16-4258,8
16-0893,8
16-7636,2
16-8111,8
16-19398,8
16-4555,8
16-7931,8
16-5317,8
16-7702,8
16-0710,8
16-8207,8
16-0990,8
16-5674,8
16-1334,8
16-4186,8
16-2990,8
16-1608,8
16-6025,8
16-3560,8
16-3218,8
16-0575,8
16-2402,8
16-1239,8
16-0553,8
16-5683,8
16-3573,8
16-4485,8
16-8469,8
16-4103,8
16-8301,8
16-7890,8
16-7771,8
16-5014,8
16-7392,8
16-6578,8
16-2087,8
16-8040,8
16-4702,8
16-2420,8
16-0216,8
16-6717,8
16-5059,8
16-7302,8
16-3701,8
16-0697,8
16-1432,8
16-0857,8
16-2878,8
16-3278,8
16-0036,8
16-4013,8
16-0525,8
16-0332,8
16-1022,8
16-5295,8
16-7968,8
16-0370,8
16-0267,8
16-5763,8
16-0241,8
16-0237,4
16-2772,8
16-0203,8
16-9821,8
16-5365,8
16-2570,8
16-8436,8
16-8398,8
16-6485,8
16-13791,8
16-0628,8
16-0787,8
16-4769,8
16-1973,8
16-5585,8
16-1915,8
16-0326,8
16-0891,8
16-0368,4
16-5419,8
16-6542,8
16-2046,8
16-0929,8
16-5517,8
16-5323,8
16-3017,8
16-3114,8
16-2726,8
16-7902,8
16-7769,8
16-4774,8
16-5751,8
16-8790,8
16-0279,8
16-3381,8
16-6491,8
16-19960,8
16-5149,8
16-3339,8
16-8826,8
16-3029,8
16-0912,8
16-1033,8
16-2230,8
16-0452,8
16-4183,8
16-8797,8
16-6107,8
16-8513,8
16-4661,8
16-0524,8
16-8300,8
16-3133,8
16-6912,8
16-5759,8
16-3931,8
16-5780,8
16-5070,8
16-9291,8
16-7579,8
16-6331,8
16-5120,8
16-5635,8
16-0779,8
16-0401,8
16-0153,8
16-9051,8
16-5555,8
16-6077,8
16-8011,8
16-6879,8
16-5964,8
16-4294,8
16-4784,8
16-0392,8
16-0820,8
16-1925,8
16-4470,8
16-6291,8
16-7051,8
16-9420,4
16-18506,8
16-0438,8
16-8828,8
16-6319,8
16-8429,8
16-0494,4
16-0578,8
16-4519,8
16-4962,8
16-4027,8
16-6707,8
16-8832,8
16-6909,8
16-9866,8
16-7570,8
16-7878,8
16-0177,8
16-0065,8
16-4623,8
16-6622,8
16-6271,8
16-6087,8
16-9318,8
16-4986,8
16-3812,8
16-9669,8
16-2858,8
16-2178,8
16-15464,8
16-4659,8
16-8359,8
16-8093,8
16-6136,4
16-2197,8
16-2905,8
16-6732,8
16-0269,8
16-5281,8
16-8342,8
16-6733,8
16-0084,8
16-7985,8
16-0574,8
16-9322,8
16-0981,8
16-2456,8
16-0396,8
16-5528,8
16-6889,8
16-1452,8
16-0399,8
16-2027,8
16-4798,8
16-3040,8
16-7409,8
16-8743,8
16-0103,8
16-3871,8
16-0959,8
16-5995,8
16-9607,8
16-3685,8
16-7883,8
16-1082,8
16-7868,8
16-5921,8
16-6365,8
16-8081,8
16-18597,8
16-7148,8
16-7059,8
16-7090,8
16-8405,8
16-9404,8
16-5784,8
16-0219,8
16-0354,8
16-0388,8
16-2532,8
16-2009,8
16-0185,8
16-1612,8
16-0178,8
16-0819,8
16-9399,8
16-3696,8
16-0506,8
16-5308,8
16-8285,8
16-2959,8
16-1516,8
16-0227,8
16-3627,8
16-0678,4
16-4116,8
16-0734,8
16-6977,8
16-0580,8
16-6353,8
16-4812,8
16-3275,8
16-0613,8
16-1810,8
16-2215,8
16-2826,8
16-8956,8
16-5937,8
16-7947,8
16-4339,8
16-0312,4
16-6293,8
16-1845,8
16-0308,8
16-4949,8
16-0014,8
16-6923,8
16-6804,8
16-9502,8
16-6039,4
16-1707,8
16-4857,8
16-3004,8
16-3910,8
16-2075,8
16-2218,8
16-2928,8
16-6967,8
16-0728,8
16-3741,8
16-9891,8
16-4806,8
16-8976,8
16-3555,8
16-2424,4
16-2454,8
16-7629,8
16-7368,8
16-6877,8
16-0601,8
16-5972,8
16-0933,8
16-9805,8
16-9439,8
16-8685,8
16-3597,8
16-0056,8
16-5141,8
16-7063,8
16-0212,8
16-6514,8
16-1928,8
16-3273,8
16-0873,8
16-3997,8
16-5661,8
16-3868,8
16-9116,8
16-9125,8
16-2856,8
16-4390,8
16-8064,8
16-0607,8
16-3751,8
16-7313,8
16-8827,8
16-3948,8
16-0773,8
16-6593,8
16-7921,8
16-4723,8
16-9179,8
16-4486,8
16-0864,8
16-0359,8
16-2422,8
16-0114,8
16-0072,8
16-1400,8
16-5520,8
16-0657,8
16-6679,8
16-9771,8
16-19557,8
16-9309,8
16-1395,8
16-1431,8
16-6072,8
16-6031,8
16-4984,8
16-5092,8
16-4277,8
16-4225,8
16-0211,8
16-9503,8
16-7245,8
16-0826,8
16-1402,8
16-4383,8
16-0647,8
16-5632,8
16-7984,8
16-5371,8
16-8722,8
16-0393,8
16-14003,8
16-9898,8
16-1743,8
16-7997,8
16-4274,8
16-4964,8
16-5015,8
16-2207,8
16-6799,8
16-5961,8
16-14324,8
16-5668,8
16-9438,8
16-14117,8
16-3960,8
16-3735,8
16-3304,8
16-9585,8
16-6318,8
16-8626,8
16-9549,8
16-4639,8
16-8302,8
16-9712,8
16-6011,8
16-6826,8
16-8779,8
16-4897,8
16-4370,8
16-1128,8
16-6815,8
16-5522,8
16-9984,8
16-7612,8
16-2562,8
16-2019,8
16-2141,8
16-9082,8
16-3483,8
16-7784,8
16-9994,8
16-19306,8
16-7175,8
16-0293,8
16-5313,8
16-3299,8
16-6788,8
16-13090,8
16-9140,8
16-8142,8
16-7277,8
16-3409,8
16-8364,8
16-3664,8
16-3862,8
16-0791,8
16-9833,8
16-0170,8
16-8785,8
16-7852,8
16-9800,8
16-1940,8
16-8101,2
16-4842,8
16-0867,8
16-3978,8
16-5031,8
16-9954,8
16-14967,8
16-0101,8
16-9064,8
16-3564,8
16-1905,8
16-3660,8
16-2887,8
16-1474,8
16-9616,8
16-3770,8
16-5494,8
16-5506,8
16-2582,8
16-9011,8
16-4595,8
16-8242,8
16-4970,8
16-1327,8
16-2157,8
16-8667,8
16-7791,8
16-8888,8
16-1303,4
16-8955,8
16-0361,8
16-3957,8
16-2184,8
16-19676,8
16-2616,8
16-2192,8
16-6870,8
16-5285,8
16-4396,8
16-5931,8
16-4219,8
16-3963,8
16-3921,8
16-7240,8
16-3614,8
16-7337,8
16-3870,8
16-2088,8
16-3565,8
16-3748,8
16-4159,8
16-1849,8
16-3914,8
16-3006,8
16-7652,8
16-7189,8
16-14768,8
16-0954,8
16-0040,8
16-2183,8
16-5617,8
16-3325,8
16-2545,8
16-4214,8
16-6000,8
16-2321,8
16-7987,8
16-3121,8
16-1972,8
16-1095,8
16-7045,8
16-4597,8
16-6304,8
16-4074,8
16-0760,8
16-1614,8
16-9781,8
16-2579,8
16-6964,8
16-5826,8
16-8418,8
16-7551,8
16-7280,8
16-6167,8
16-3752,8
16-0845,8
16-0415,8
16-0167,8
16-2198,8
16-5512,8
16-3117,8
16-8390,8
16-9981,8
16-9444,8
16-6676,8
16-9913,8
16-5557,8
16-0289,8
16-6253,8
16-5745,8
16-3791,8
16-6128,8
16-9394,8
16-7506,8
16-1568,8
16-6939,8
16-6519,8
16-8018,8
16-0976,8
16-12369,8
16-8652,8
16-5768,8
16-3557,8
16-5028,8
16-9682,8
16-7955,8
16-3316,8
16-4001,8
16-6345,8
16-4638,8
16-6989,8
16-8426,8
16-9115,8
16-4286,8
16-5809,8
16-7285,8
16-6701,8
16-7391,8
16-2769,8
16-9705,8
16-2600,8
16-7023,8
16-6421,8
16-19200,8
16-8958,8
16-6745,8
16-6610,8
16-8351,8
16-9870,8
16-2742,8
16-8466,8
16-5999,8
16-6571,8
16-14630,4
16-7740,8
16-5922,8
16-7074,8
16-4934,8
16-5048,8
16-19217,8
16-8203,8
16-4560,8
16-9873,8
16-6524,8
16-9810,8
16-19990,8
16-7134,8
16-7848,8
16-8478,8
16-19468,4
16-14792,8
16-19105,8
16-9604,8
16-9350,8
16-7562,8
16-9673,8
16-6829,8
16-8978,8
16-7140,8
16-8940,8
16-4481,8
16-18574,8
16-1727,8
16-2882,8
16-8850,8
16-9949,8
16-7820,8
16-9365,8
16-1073,8
16-4693,8
16-4913,8
16-7091,8
16-2684,4
16-17099,8
16-5615,8
16-8399,8
16-8023,8
16-5436,8
16-6064,8
16-2037,8
16-7065,8
16-3217,8
16-4624,8
16-5978,8
16-4666,8
16-3440,8
16-5358,8
16-2031,8
16-6543,8
16-4264,8
16-9123,8
16-8930,8
16-6255,8
16-0251,8
16-3075,8
16-8707,8
16-3715,8
16-8991,8
16-8372,8
16-7336,8
16-6833,8
16-9045,8
16-8151,8
16-3807,8
16-5737,8
16-4883,8
16-3229,8
16-4931,8
16-2828,8
16-4119,8
16-5539,8
16-8472,8
16-4676,8
16-9543,8
16-8863,8
16-9803,8
16-9594,8
16-9638,8
16-3907,8
16-7831,8
16-2655,8
16-3291,8
16-4629,8
16-3331,8
16-2338,8
16-5166,8
16-6746,8
16-1804,8
16-4479,8
16-8746,8
16-4867,8
16-7684,8
16-8598,8
16-8082,8
16-6931,8
16-6771,8
16-5720,8
16-5027,8
16-6980,4
16-8299,8
16-0995,8
16-6068,8
16-1446,8
16-8225,8
16-7075,8
16-8977,8
16-8150,8
16-7481,8
16-6730,8
16-6009,8
16-3505,8
16-9645,8
16-9550,8
16-4689,8
16-8170,8
16-4840,8
16-7338,8
16-6045,8
16-6097,8
16-8287,8
16-2843,8
16-9170,8
16-18859,8
16-7906,8
16-6839,8
16-9854,8
16-3940,8
16-4421,8
16-5886,8
16-3303,8
16-3435,8
16-1523,8
16-9556,8
16-7505,8
16-6214,8
16-8334,8
16-6013,4
16-19169,8
16-3733,8
16-0943,8
16-5037,8
16-8379,8
16-3201,8
16-0155,8
16-5582,8
16-0852,8
16-7483,8
16-5274,8
16-5140,8
16-7773,8
16-9038,8
16-3855,8
16-3343,8
16-2916,8
16-0561,8
16-6526,8
16-2563,8
16-4234,8
16-3141,8
16-5942,8
16-1458,8
16-7530,8
16-4068,8
16-8737,8
16-8783,8
16-6042,8
16-2985,8
16-8183,8
16-9529,8
16-7497,8
16-8711,8
16-7988,8
16-2775,8
16-5556,4
16-8366,8
16-4416,8
16-4236,8
16-1551,8
16-6228,8
16-1394,8
16-6479,8
16-5940,8
16-14619,8
16-4230,8
16-9126,8
16-0901,8
16-9427,8
16-6227,4
16-5366,8
16-7057,8
16-4924,8
16-8830,4
16-5068,8
16-0356,8
16-7348,8
16-0966,8
16-1527,8
16-0158,8
16-4602,8
16-6798,8
16-5154,8
16-1634,8
16-3260,8
16-4422,8
16-8750,8
16-7548,8
16-0248,8
16-4603,8
16-1676,8
16-7760,8
16-2284,8
16-1147,8
16-4678,8
16-0592,8
16-9761,8
16-5253,8
16-8329,8
16-6546,8
16-7108,8
16-7549,8
16-4185,8
16-2575,8
16-0967,8
16-4906,8
16-1958,8
16-5974,8
16-5602,8
16-6881,8
16-8371,8
16-8793,8
16-4193,4
16-6288,8
16-5318,8
16-6503,8
16-2274,8
16-14173,8
16-7518,8
16-3408,8
16-8360,8
16-5587,8
16-19400,8
16-3772,8
16-6140,8
16-8271,8
16-9060,8
16-8747,8
16-6175,8
16-1347,8
16-9827,8
16-3874,8
16-6603,8
16-4650,8
16-9540,8
16-9192,8
16-5828,8
16-7971,8
16-8265,8
16-5225,8
16-6420,8
16-4817,8
16-8067,8
16-5240,8
16-4287,8
16-13391,8
16-7633,8
16-6467,8
16-0932,8
16-0800,8
16-9665,8
16-5812,8
16-5465,8
16-4022,8
16-6149,8
16-5715,8
16-2927,8
16-9910,8
16-4044,8
16-9849,8
16-5689,8
16-5079,8
16-9915,8
16-6789,8
16-8808,8
16-8579,8
16-7990,8
16-9090,8
16-3383,8
16-8962,4
16-7208,8
16-5801,8
16-5171,8
16-14397,8
16-7246,8
16-7859,8
16-6669,8
16-9683,8
16-8964,8
16-9521,8
16-5091,8
16-1439,8
16-6135,8
16-2952,8
16-8009,8
16-8014,8
16-6003,8
16-18948,8
16-2442,8
16-7725,8
16-6333,8
16-7312,8
16-6986,8
16-6057,8
16-4989,8
16-2345,8
16-8208,8
16-4967,8
16-7941,8
16-8312,8
16-19610,8
16-3430,8
16-3469,4
16-9856,8
16-6083,8
16-9383,8
16-13431,8
16-9482,8
16-8063,8
16-8335,8
16-8349,8
16-2607,8
16-7143,8
16-4107,8
16-2683,8
16-4858,8
16-8591,8
16-2254,8
16-12459,8
16-4772,8
16-19577,8
16-8346,8
16-8997,8
16-4418,8
16-5869,8
16-5758,8
16-14787,8
16-6437,8
16-3677,8
16-8791,8
16-0833,8
16-7352,8
16-8148,8
16-6585,8
16-5500,8
16-7168,8
16-7120,8
16-6233,8
16-9526,8
16-2011,8
16-9081,8
16-8129,8
16-7282,8
16-7720,8
16-1836,8
16-5385,4
16-2056,8
16-5335,8
16-9418,8
16-3645,8
16-5488,8
16-3881,8
16-8605,8
16-4354,8
16-8539,8
16-3849,8
16-8814,8
16-9120,8
16-7915,8
16-1660,8
16-5824,8
16-9281,8
16-5878,8
16-1605,8
16-6698,8
16-8772,8
16-7607,8
16-2409,8
16-2697,8
16-8741,8
16-6907,8
16-3060,8
16-2369,8
16-8915,8
16-4309,8
16-8726,8
16-18253,8
16-6562,8
16-6739,8
16-7936,8
16-8355,8
16-9702,8
16-1719,8
16-0576,8
16-9884,8
16-5113,8
16-5625,8
16-2664,8
16-1589,8
16-4898,8
16-6925,8
16-3197,8
16-0610,4
16-9066,8
16-8327,8
16-9750,8
16-4139,8
16-6192,8
16-9582,8
16-0477,8
16-4620,8
16-6044,8
16-9857,8
16-4520,8
16-1674,8
16-9005,8
16-4409,8
16-9184,8
16-8601,8
16-6265,8
16-7414,8
16-12419,8
16-9775,8
16-8308,8
16-1085,8
16-2567,8
16-2403,8
16-4720,8
16-4852,8
16-6906,8
16-5026,8
16-7972,8
16-5863,8
16-7670,8
16-5338,8
16-4923,8
16-4657,8
16-7961,8
16-19646,8
16-2576,8
16-0726,8
16-6607,8
16-2061,8
16-0516,8
16-9245,8
16-9692,8
16-5741,8
16-8022,8
16-4046,4
16-2268,8
16-0174,8
16-6864,8
16-1714,4
16-9264,8
16-3116,8
16-5592,8
16-6645,8
16-5971,8
16-9403,8
16-4269,8
16-3784,8
16-8941,8
16-3974,8
16-0963,8
16-8158,8
16-3398,8
16-11875,8
16-4776,8
16-8218,8
16-1158,8
16-4631,8
16-7539,8
16-5443,8
16-9706,8
16-7957,8
16-7274,8
16-8752,8
16-9013,8
16-7651,8
16-2885,8
16-3833,8
16-8028,8
16-8494,8
16-19939,8
16-8069,8
16-7425,8
16-2756,8
16-4781,8
16-6483,8
16-8857,8
16-3903,8
16-3198,8
16-5970,8
16-9031,8
16-0865,8
16-4902,8
16-4217,8
16-8537,8
16-0554,8
16-3482,8
16-7753,8
16-7135,8
16-7102,8
16-7115,8
16-2623,8
16-9728,8
16-5161,8
16-1888,8
16-3570,8
16-3985,8
16-5785,8
16-7395,8
16-3280,8
16-0875,8
16-7722,8
16-9874,8
16-3820,8
16-6599,8
16-18615,4
16-5416,8
16-5123,8
16-0066,8
16-7339,8
16-2518,8
16-0087,8
16-7814,8
16-4726,8
16-2799,8
16-8517,8
16-7251,8
16-0928,8
16-8165,8
16-8016,8
16-2120,8
16-2906,8
16-7542,8
16-4018,8
16-8136,8
16-3984,8
16-4743,8
16-5215,8
16-2556,8
16-4908,8
16-1309,8
16-4573,8
16-3607,8
16-3529,8
16-0320,8
16-6894,8
16-9571,8
16-1428,8
16-7399,8
16-9828,8
16-13670,8
16-14968,8
16-9239,8
16-9631,8
16-2658,8
16-0661,8
16-9743,8
16-9307,8
16-5819,8
16-5287,8
16-4247,8
16-5174,8
16-1481,8
16-7009,8
16-8922,8
16-7232,8
16-0930,8
16-4338,8
16-7403,8
16-5156,8
16-0117,8
16-3309,8
16-8552,8
16-14034,4
16-8963,4
16-8716,8
16-2706,8
16-3157,8
16-7385,8
16-9747,8
16-9575,8
16-4373,8
16-3574,8
16-6389,8
16-6767,8
16-9661,8
16-2397,8
16-9863,8
16-6857,8
16-9759,8
16-8278,8
16-8253,8
16-4271,8
16-8365,8
16-6955,8
16-2206,8
16-3328,8
16-2301,4
16-3187,8
16-7196,8
16-4990,8
16-4162,8
16-8588,8
16-5152,8
16-7167,8
16-0245,8
16-1317,8
16-8038,8
16-1774,8
16-0076,8
16-3897,4
16-9560,8
16-6329,8
16-6874,8
16-2568,8
16-3346,8
16-17489,8
16-5581,8
16-0690,8
16-0725,8
16-6616,8
16-4791,8
16-0745,8
16-3371,8
16-6755,8
16-9599,8
16-3559,8
16-3372,8
16-0316,8
16-5709,8
16-1931,8
16-9822,8
16-4796,8
16-4256,8
16-6178,8
16-5096,8
16-0002,8
16-9435,8
16-7856,8
16-7071,8
16-9277,8
16-7055,8
16-8004,8
16-6322,8
16-3810,8
16-4169,8
16-9213,8
16-7147,8
16-8368,8
16-9773,8
16-5740,8
16-7207,8
16-9595,8
16-3792,8
16-2488,8
16-4762,8
16-5198,8
16-3084,8
16-6749,8
16-3895,8
16-0240,8
16-2840,8
16-0020,4
16-0999,8
16-3522,8
16-7379,8
16-8577,8
16-7321,8
16-1880,8
16-4703,8
16-4658,8
16-0703,8
16-7708,8
16-0721,8
16-9148,8
16-4827,8
16-6860,8
16-9552,8
16-4496,8
16-7525,8
16-1104,8
16-2895,8
16-4154,8
16-3455,8
16-7234,4
16-0545,8
16-3894,8
16-7307,8
16-2787,8
16-7637,4
16-14699,8
16-9237,4
16-3341,8
16-7437,8
16-6501,8
16-6821,8
16-7532,8
16-0568,8
16-2815,8
16-0587,8
16-6377,8
16-9793,8
16-8765,8
16-2728,8
16-0351,8
16-6825,8
16-0543,8
16-3481,8
16-5435,8
16-5238,8
16-3623,8
16-5151,8
16-9301,8
16-18415,8
16-0931,8
16-7082,8
16-19255,8
16-4742,8
16-8377,8
16-7460,8
16-8483,8
16-7894,8
16-9319,8
16-0683,8
16-2064,8
16-13299,8
16-0264,8
16-7754,8
16-12848,8
16-2571,8
16-2205,4
16-8316,8
16-4523,8
16-3846,8
16-8604,8
16-0758,4
16-2370,8
16-8163,8
16-3130,8
16-9121,8
16-2712,8
16-0974,8
16-0424,8
16-1887,8
16-2143,8
16-2533,8
16-2460,8
16-6008,8
16-9703,8
16-1096,8
16-0329,8
16-3441,8
16-1876,8
16-6927,8
16-5052,8
16-6750,8
16-9774,8
16-3706,8
16-8965,8
16-7099,8
16-5065,8
16-12219,8
16-6075,8
16-0505,8
16-6244,8
16-8238,8
16-0430,8
16-4096,8
16-7117,8
16-9412,8
16-0428,8
16-0031,8
16-2213,8
16-1575,8
16-5671,8
16-4534,8
16-2005,8
16-7335,8
16-2261,8
16-6959,8
16-4958,8
16-3799,8
16-0836,8
16-7263,8
16-9156,8
16-3886,8
16-14068,8
16-6444,8
16-7044,8
16-2123,8
16-9980,8
16-4882,8
16-2271,8
16-7344,8
16-8406,8
16-3708,8
16-4063,8
16-5302,8
16-4572,8
16-2555,8
16-1436,8
16-8527,8
16-3606,8
16-6181,8
16-1839,8
16-2203,8
16-8243,8
16-0742,8
16-6820,8
16-8568,8
16-5284,8
16-2220,8
16-8402,8
16-7512,8
16-5941,8
16-6494,8
16-9679,8
16-8529,8
16-0896,8
16-8114,8
16-6183,8
16-1021,8
16-4363,8
16-5280,8
16-8000,8
16-9642,8
16-5145,8
16-9092,8
16-4918,8
16-1387,8
16-4921,8
16-3944,8
16-4070,8
16-9606,8
16-1733,8
16-8321,8
16-5322,8
16-5159,8
16-19471,8
16-1984,8
16-0672,8
16-4231,8
16-3335,8
16-0908,8
16-2746,8
16-9950,8
16-8511,8
16-1626,8
16-4744,8
16-3296,8
16-7666,8
16-8373,8
16-6930,8
16-6855,8
16-7454,8
16-14444,8
16-5926,8
16-9258,8
16-8070,8
16-7529,8
16-8971,8
16-7675,8
16-8824,8
16-2547,8
16-3497,8
16-8931,8
16-8077,8
16-6847,8
16-8215,8
16-9117,8
16-9133,8
16-3845,8
16-5222,8
16-8909,8
16-6074,8
16-4514,8
16-7426,8
16-7447,8
16-8174,8
16-2249,8
16-2968,8
16-6685,8
16-4697,8
16-7405,8
16-8689,8
16-9745,8
16-8771,8
16-3782,8
16-7308,2
16-5319,8
16-6041,8
16-7443,8
16-4233,8
16-9310,8
16-7492,8
16-6852,4
16-6675,8
16-3534,8
16-9022,8
16-6982,8
16-7107,8
16-6774,8
16-4849,8
16-0720,8
16-0229,8
16-5402,8
16-0272,8
16-7393,4
16-8833,8
16-7252,8
16-6272,8
16-13611,8
16-6559,8
16-8415,8
16-19110,8
16-3518,8
16-8140,8
16-3893,8
16-8627,8
16-8924,8
16-9820,8
16-4072,8
16-8471,8
16-3417,8
16-9169,8
16-8007,8
16-0406,8
16-6862,8
16-19843,8
16-8803,8
16-9912,8
16-8549,8
16-3180,8
16-7249,8
16-19724,8
16-9741,8
16-8714,8
16-3663,8
16-8629,8
16-7945,8
16-0474,8
16-6089,8
16-1862,8
16-8304,8
16-6275,8
16-1559,4
16-9016,8
16-9145,8
16-6061,8
16-8900,8
16-14292,8
16-9525,4
16-5334,4
16-0534,4
16-3496,8
16-7125,8
16-0991,8
16-3279,8
16-18104,8
16-7490,8
16-7241,8
16-14393,8
16-8691,8
16-9785,8
16-7467,8
16-9393,8
16-7495,8
16-6330,8
16-19240,8
16-9667,8
16-4789,8
16-8745,8
16-6274,8
16-3428,8
16-8109,8
16-7432,8
16-6793,8
16-9096,8
16-6668,8
16-7043,8
16-8451,8
16-6620,8
16-9861,8
16-3730,8
16-5094,8
16-8311,8
16-6556,8
16-9882,8
16-4880,8
16-9432,8
16-6464,8
16-9517,8
16-8635,8
16-4665,8
16-9650,8
16-5492,8
16-9234,8
16-4746,8
16-8144,8
16-6224,8
16-9640,8
16-4626,8
16-2868,8
16-8933,8
16-9617,8
16-9426,8
16-6961,8
16-5018,8
16-6230,8
16-9859,8
16-9485,8
16-8189,8
16-9190,8
16-11785,8
16-5076,8
16-5781,8
16-17898,8
16-9537,8
16-7292,8
16-8121,8
16-6148,8
16-9618,8
16-7210,8
16-9790,8
16-9094,8
16-8683,8
16-2043,8
16-19450,8
16-3709,8
16-14129,8
16-5637,8
16-5110,8
16-13478,8
16-9030,8
16-6853,8
16-8874,8
16-5337,8
16-3999,8
16-2115,8
16-4517,8
16-9233,8
16-6095,8
16-5144,8
16-8547,8
16-6450,8
16-8684,4
16-3306,8
16-3021,8
16-5471,8
16-7185,8
16-6549,8
16-14898,8
16-4050,8
16-5845,8
16-5303,8
16-9048,8
16-3970,8
16-19841,8
16-8013,8
16-5608,8
16-4204,8
16-5907,8
16-5838,8
16-0522,8
16-6873,8
16-4178,8
16-5330,8
16-3444,8
16-6781,8
16-5829,8
16-7461,8
16-9696,8
16-5483,8
16-9825,8
16-2461,8
16-8097,8
16-9261,8
16-9075,8
16-5711,8
16-3025,8
16-17391,8
16-9087,8
16-8222,8
16-0740,8
16-5827,8
16-6801,8
16-8434,8
16-5283,8
16-12617,8
16-4462,8
16-9672,8
16-5387,8
16-5724,8
16-2798,8
16-6511,8
16-3300,8
16-2627,8
16-7866,8
16-3407,8
16-2331,8
16-7311,8
16-5504,8
16-3281,8
16-3646,8
16-8079,8
16-9625,8
16-7079,8
16-7790,8
16-4181,8
16-7194,8
16-9518,8
16-4085,8
16-5193,8
16-3358,8
16-2516,8
16-7603,8
16-3732,8
16-0138,8
16-2741,8
16-0507,8
16-0285,8
16-7819,8
16-0482,8
16-7126,8
16-0436,8
16-2702,8
16-4813,8
16-7048,8
16-8175,8
16-4431,8
16-5553,8
16-7376,8
16-8890,8
16-6753,8
16-7880,8
16-6915,8
16-8108,8
16-7616,8
16-5682,8
16-0847,8
16-8432,8
16-8719,8
16-6404,8
16-4579,8
16-5006,8
16-8187,8
16-4341,8
16-3676,8
16-7445,8
16-9842,8
16-9933,8
16-7250,8
16-9329,8
16-2180,8
16-8275,8
16-7451,8
16-4111,8
16-8420,8
16-6171,8
16-9467,8
16-7092,8
16-9002,8
16-7845,8
16-9507,8
16-2870,8
16-9035,8
16-18855,8
16-5023,8
16-7627,8
16-9410,8
16-9964,8
16-19619,8
16-4749,8
16-4399,8
16-7118,4
16-9890,8
16-7244,4
16-2753,8
16-6481,8
16-14418,8
16-0806,8
16-5955,8
16-1183,8
16-3801,8
16-8503,8
16-0764,8
16-8272,8
16-3653,8
16-9088,8
16-4641,8
16-8293,8
16-2890,8
16-7309,8
16-7030,8
16-5408,8
16-8348,8
16-2773,8
16-6194,8
16-2326,8
16-8811,8
16-4707,8
16-8701,8
16-0276,8
16-4677,8
16-7975,8
16-6374,8
16-7757,8
16-4915,8
16-6197,8
16-9238,8
16-6168,8
16-9700,8
16-7888,8
16-4916,8
16-3298,8
16-2971,8
16-9119,8
16-7228,8
16-7718,8
16-3463,8
16-2107,8
16-3665,8
16-8060,8
16-7560,8
16-6770,8
16-2917,8
16-2608,8
16-8904,8
16-6248,8
16-6154,8
16-9059,8
16-18586,8
16-9476,8
16-3916,8
16-4032,8
16-5732,8
16-7007,8
16-12688,8
16-9626,8
16-7780,8
16-5370,8
16-17520,8
16-7329,8
16-1079,8
16-3207,8
16-9302,8
16-9124,8
16-4549,4
16-8502,8
16-5545,8
16-5505,8
16-6451,8
16-3636,8
16-7959,8
16-9040,8
16-8756,8
16-6854,8
16-5102,8
16-7187,8
16-2119,8
16-4583,8
16-4122,8
16-6020,8
16-2862,8
16-8019,8
16-9303,8
16-2824,8
16-5908,8
16-9971,8
16-5469,8
16-6459,8
16-5349,8
16-2950,8
16-8686,8
16-4028,8
16-9052,8
16-7704,8
16-17386,8
16-8721,8
16-2375,8
16-7420,8
16-6051,8
16-5594,8
16-4037,8
16-4936,8
16-7750,8
16-7950,8
16-2758,8
16-4600,8
16-8468,8
16-17861,8
16-5507,8
16-9841,8
16-7317,8
16-9466,8
16-4499,8
16-6229,8
16-9151,8
16-9816,8
16-9079,8
16-9001,8
16-7151,8
16-9908,8
16-6069,8
16-18978,8
16-6448,8
16-8949,8
16-2095,8
16-2134,8
16-7173,8
16-6367,8
16-3900,8
16-2530,8
16-1529,8
16-7895,8
16-9370,8
16-2459,8
16-2294,8
16-2314,8
16-8240,8
16-16586,8
16-3538,8
16-9085,8
16-3605,8
16-17688,8
16-8403,8
16-9875,8
16-5680,8
16-17473,8
16-9371,4
16-7150,8
16-1034,4
16-8816,8
16-5333,8
16-2292,8
16-14738,8
16-9423,8
16-5997,8
16-3404,8
16-5981,8
16-2641,8
16-5264,8
16-8794,8
16-13768,8
16-6371,8
16-6765,8
16-8020,8
16-7711,8
16-9806,8
16-9278,8
16-8514,8
16-8665,8
16-9850,8
16-8153,8
16-9447,8
16-4570,8
16-19293,8
16-6990,8
16-4544,8
16-8095,8
16-8536,8
16-5061,8
16-9050,8
16-19059,8
16-6269,8
16-8361,8
16-8128,8
16-9212,8
16-9209,8
16-9855,8
16-9539,8
16-7046,8
16-9354,8
16-5325,8
16-2124,8
16-3433,4
16-6601,8
16-2771,8
16-9999,8
16-8442,8
16-6163,8
16-13122,8
16-0855,8
16-6234,8
16-1616,8
16-0520,8
16-1115,8
16-9651,8
16-12740,8
16-5188,8
16-4059,8
16-6944,8
16-18897,8
16-8919,8
16-3884,8
16-5884,8
16-3965,8
16-4928,8
16-13608,8
16-9654,8
16-3057,8
16-6992,8
16-1267,8
16-2588,8
16-3821,8
16-6273,8
16-2247,8
16-2385,4
16-6969,4
16-6122,8
16-0443,8
16-0132,8
16-0513,4
16-5889,8
16-1897,8
16-0973,8
16-4444,8
16-0904,8
16-4075,8
16-2162,8
16-6561,8
16-7441,8
16-0059,8
16-0648,8
16-7038,8
16-2094,8
16-5207,8
16-4268,8
16-4205,8
16-3655,8
16-11855,8
16-7583,8
16-7858,8
16-4322,8
16-5985,8
16-5954,8
16-3148,4
16-2925,8
16-9794,8
16-1701,4
16-4161,2
16-7632,4
16-0621,8
16-1866,8
16-6650,8
16-4324,8
16-8682,8
16-1729,8
16-1381,4
16-6493,8
16-7453,8
16-9053,8
16-5866,8
16-8573,8
16-7404,8
16-9062,8
16-2465,8
16-9701,8
16-7050,8
16-5117,8
16-7523,8
16-0123,8
16-3062,8
16-4957,8
16-2298,8
16-9235,8
16-7546,4
16-8773,8
16-6611,8
16-6161,8
16-14772,8
16-5369,8
16-3517,8
16-2383,4
16-4685,8
16-3439,8
16-5404,8
16-3711,8
16-0618,8
16-8777,8
16-3779,8
16-2517,4
16-5099,8
16-5457,8
16-7934,8
16-9280,8
16-8357,8
16-7879,8
16-8587,8
16-7028,8
16-9955,8
16-5315,8
16-1922,8
16-4238,8
16-0747,8
16-14848,8
16-9078,8
16-4203,8
16-1435,8
16-9811,8
16-0383,8
16-18831,8
16-0028,4
16-7080,8
16-9103,8
16-5879,8
16-4828,4
16-5636,4
16-4800,4
16-1789,8
16-3349,8
16-7956,8
16-7016,8
16-1713,8
16-3027,8
16-0631,8
16-9382,8
16-5444,8
16-8675,8
16-9308,8
16-5685,8
16-7296,8
16-2181,8
16-1604,8
16-8993,8
16-2807,8
16-0664,8
16-8458,8
16-8051,8
16-5640,8
16-8926,8
16-9240,8
16-6201,8
16-7464,8
16-19497,8
16-4662,8
16-5948,8
16-0500,8
16-4740,8
16-0298,8
16-9242,4
16-8423,8
16-14804,8
16-8267,8
16-5377,8
16-5976,4
16-6883,8
16-3616,8
16-9167,8
16-5475,8
16-2716,8
16-2380,8
16-9576,8
16-9559,8
16-9155,8
16-8885,8
16-7181,8
16-4153,8
16-6762,8
16-8159,8
16-3239,8
16-8839,8
16-19168,8
16-6216,8
16-3617,8
16-0268,8
16-2605,8
16-9033,8
16-7534,8
16-6332,8
16-5952,8
16-4450,8
16-7177,8
16-9709,8
16-0907,8
16-13048,8
16-7970,8
16-6235,8
16-6824,8
16-19223,8
16-5521,8
16-8463,8
16-5030,8
16-2770,8
16-4841,8
16-1168,8
16-4020,8
16-4866,8
16-4323,8
16-7949,8
16-0481,8
16-7641,8
16-8525,8
16-3736,8
16-7683,8
16-1689,8
16-7564,8
16-0446,8
16-2334,8
16-8630,8
16-3472,8
16-2666,8
16-7015,8
16-4108,8
16-6303,8
16-2232,8
16-0016,8
16-0127,8
16-3802,8
16-9553,8
16-2259,8
16-7926,8
16-4222,8
16-0935,8
16-0514,8
16-8786,8
16-3615,8
16-7398,8
16-4273,8
16-14363,8
16-6359,8
16-5206,8
16-0996,8
16-2264,8
16-8884,8
16-8608,8
16-9102,8
16-7083,8
16-8708,8
16-4904,8
16-7211,8
16-14995,8
16-0080,8
16-0643,8
16-9221,8
16-0776,8
16-4133,8
16-7992,8
16-0913,8
16-3350,8
16-5474,8
16-2099,8
16-6841,8
16-2901,8
16-2944,8
16-3208,8
16-7116,8
16-4329,8
16-7571,8
16-6342,8
16-7944,8
16-3174,8
16-3264,8
16-2406,8
16-2367,8
16-9216,8
16-2921,8
16-1571,8
16-2833,8
16-5960,8
16-2681,8
16-4759,8
16-6764,8
16-8233,8
16-2010,8
16-4466,8
16-2551,8
16-6434,8
16-6155,8
16-4978,8
16-0515,8
16-0094,8
16-3550,8
16-6636,8
16-0887,8
16-2351,8
16-8795,8
16-9014,8
16-10645,8
16-6830,8
16-9214,8
16-4177,8
16-6958,8
16-7893,8
16-9966,8
16-0797,8
16-5591,8
16-5448,8
16-3156,8
16-2929,8
16-7375,8
16-6507,8
16-8223,8
16-0841,8
16-4701,8
16-8498,8
16-2977,8
16-3905,8
16-7355,8
16-4498,8
16-6130,8
16-5063,8
16-3086,8
16-1407,8
16-6120,8
16-6266,8
16-5269,8
16-9054,8
16-6836,8
16-9926,8
16-1248,8
16-3105,8
16-6608,8
16-6407,4
16-9985,8
16-6159,4
16-2135,8
16-4994,8
16-14764,8
16-2506,8
16-0411,8
16-5348,8
16-4632,8
16-0915,8
16-7217,8
16-8046,8
16-0517,8
16-4935,8
16-8098,8
16-5356,8
16-9222,8
16-1935,8
16-0078,4
16-0190,8
16-17503,8
16-7693,8
16-2018,8
16-5967,8
16-3413,8
16-2629,8
16-4660,8
16-0828,8
16-2670,8
16-8244,8
16-0834,8
16-4146,8
16-2557,8
16-9327,8
16-3287,8
16-3442,8
16-5112,8
16-6334,8
16-6903,8
16-19351,8
16-8620,8
16-6256,8
16-7552,8
16-3885,8
16-9043,8
16-6401,8
16-4359,8
16-4561,8
16-2692,8
16-2508,8
16-8257,8
16-9177,8
16-5518,8
16-7576,8
16-6754,8
16-5774,8
16-2513,8
16-2452,8
16-3787,8
16-8720,8
16-7980,8
16-9243,8
16-5397,8
16-9524,8
16-6368,8
16-7701,8
16-5623,8
16-1405,8
16-2708,8
16-5218,8
16-4872,8
16-1312,8
16-6813,8
16-2910,8
16-19910,8
16-4163,8
16-9512,8
16-7377,8
16-3087,8
16-9104,8
16-13197,8
16-4426,8
16-3720,8
16-4261,8
16-8467,8
16-13935,8
16-7590,8
16-9211,8
16-9686,8
16-7347,8
16-8039,8
16-9225,8
16-7872,8
16-9689,8
16-7729,8
16-7264,8
16-9587,8
16-5873,8
16-7259,8
16-7836,8
16-13119,8
16-3989,8
16-8979,8
16-6536,8
16-18771,8
16-6520,8
16-0092,8
16-6868,8
16-5057,8
16-5296,8
16-6970,8
16-7611,8
16-4780,8
16-6553,8
16-7792,8
16-9149,8
16-9714,8
16-3609,8
16-5000,8
16-17130,8
16-9731,8
16-8486,8
16-14720,8
16-8913,8
16-7081,8
16-5870,8
16-7101,8
16-3679,8
16-1788,8
16-9653,8
16-5762,8
16-4425,8
16-8338,8
16-4738,8
16-6947,8
16-8774,8
16-3659,8
16-3962,8
16-9766,8
16-8413,8
16-18378,8
16-1341,8
16-7759,8
16-7130,8
16-7279,8
16-4540,8
16-9864,8
16-2822,8
16-5603,8
16-3461,8
16-6315,8
16-7918,4
16-8043,8
16-2975,8
16-4332,8
16-3014,8
16-7303,8
16-9671,8
16-8259,8
16-7898,8
16-7983,8
16-8804,8
16-7920,8
16-9734,8
16-9614,8
16-9499,8
16-6569,8
16-4709,8
16-6290,8
16-5278,8
16-1691,8
16-5622,8
16-7939,8
16-9333,8
16-7732,8
16-5706,8
16-5846,8
16-3580,8
16-2359,8
16-5421,8
16-8395,8
16-6564,8
16-8780,8
16-7113,8
16-8550,8
16-4575,8
16-7869,8
16-4832,8
16-8384,8
16-2704,8
16-9715,8
16-7369,8
16-5677,8
16-5458,8
16-8856,8
16-8057,8
16-8277,8
16-6357,8
16-7384,8
16-3531,8
16-9754,8
16-5562,8
16-2372,8
16-3528,8
16-0444,8
16-3923,8
16-18445,8
16-4026,8
16-5833,8
16-4505,8
16-2880,8
16-6711,8
16-9230,8
16-0881,8
16-2965,8
16-5734,8
16-9934,8
16-4423,8
16-3572,8
16-7072,8
16-7152,8
16-7779,8
16-14563,8
16-7721,8
16-9962,8
16-6738,8
16-12601,8
16-7640,8
16-7948,8
16-3272,8
16-9724,8
16-11806,8
16-8981,8
16-0262,8
16-5246,8
16-6270,8
16-3629,8
16-18383,8
16-9408,8
16-17229,8

Total,74742
